id,admin_country,admin_country_code,admin_name_field,admin_id_field,admin_year,intersected_area_ha
BO_BO02,Bolivia,BO,Guanay,BO020602,2023,51.021217530860376
BO_BO02,Bolivia,BO,Inquisivi,BO021001,2023,27.12062512062199
BO_BO02,Bolivia,BO,Ixiamas,BO021501,2023,27.29148927883555
BO_BO02,Bolivia,BO,Ixiamas,BO021501,2024,27.255835750849045
BO_BO02,Bolivia,BO,Mapiri,BO020607,2018,278.70075841312604
BO_BO02,Bolivia,BO,Mapiri,BO020607,2019,27.25843514355221
BO_BO02,Bolivia,BO,Mapiri,BO020607,2020,7.858052836626112
BO_BO02,Bolivia,BO,Mapiri,BO020607,2021,13.615777139746537
BO_BO02,Bolivia,BO,Mapiri,BO020607,2023,132.8427339323199
BO_BO02,Bolivia,BO,Mapiri,BO020607,2024,54.504606697184066
BO_BO02,Bolivia,BO,Tacacoma,BO020603,2018,0.05323417484084646
BO_BO02,Bolivia,BO,Teoponte,BO020608,2023,67.97480567849223
BO_BO02,Bolivia,BO,Teoponte,BO020608,2024,27.19091805970471
BO_BO03,Bolivia,BO,Chimoré,BO031204,2019,61.904061486661
BO_BO03,Bolivia,BO,Chimoré,BO031204,2024,27.515266667131264
BO_BO03,Bolivia,BO,Entre Ríos,BO031206,2018,27.4492460651392
BO_BO03,Bolivia,BO,Entre Ríos,BO031206,2021,27.465802727290303
BO_BO03,Bolivia,BO,Entre Ríos,BO031206,2022,27.457021602809622
BO_BO03,Bolivia,BO,Puerto Villarroel,BO031205,2018,54.989601423010306
BO_BO03,Bolivia,BO,Puerto Villarroel,BO031205,2020,82.4667723291202
BO_BO03,Bolivia,BO,Puerto Villarroel,BO031205,2021,27.498022051333294
BO_BO03,Bolivia,BO,Puerto Villarroel,BO031205,2022,27.48751906336291
BO_BO03,Bolivia,BO,Shinahota,BO031602,2018,27.531635978208016
BO_BO03,Bolivia,BO,Shinahota,BO031602,2020,27.541507455694624
BO_BO03,Bolivia,BO,Shinahota,BO031602,2022,27.543670160298515
BO_BO03,Bolivia,BO,Villa Tunari,BO031003,2021,82.63539966907881
BO_BO03,Bolivia,BO,Villa Tunari,BO031003,2022,55.12386681951431
BO_BO03,Bolivia,BO,Villa Tunari,BO031003,2023,41.33253601339487
BO_BO07,Bolivia,BO,Yapacaní,BO070403,2018,54.8107267012441
BO_BO07,Bolivia,BO,Yapacaní,BO070403,2019,27.411241941204697
BO_BO07,Bolivia,BO,Yapacaní,BO070403,2022,27.4017068643494
BO_BO08,Bolivia,BO,Baures,BO080802,2023,27.355164274357364
BO_BO08,Bolivia,BO,Exaltación,BO080402,2024,41.349495916584154
BO_BO08,Bolivia,BO,Guayaramerín,BO080202,2022,41.36533565767125
BO_BO08,Bolivia,BO,Magdalena,BO080801,2019,27.413614104279468
BO_BO08,Bolivia,BO,Magdalena,BO080801,2022,27.43385730508602
BO_BO08,Bolivia,BO,Puerto Siles,BO080703,2018,41.27268372952277
BO_BO08,Bolivia,BO,Reyes,BO080301,2019,19.1940558857572
BO_BO08,Bolivia,BO,Riberalta,BO080201,2018,82.7791517328937
BO_BO08,Bolivia,BO,San Ignacio,BO080501,2018,27.517947866889823
BO_BO08,Bolivia,BO,San Ignacio,BO080501,2019,82.66811904502393
BO_BO08,Bolivia,BO,San Ignacio,BO080501,2022,29.68664108261055
BO_BO08,Bolivia,BO,San Javier,BO080102,2019,27.505777548328474
BO_BO08,Bolivia,BO,San Joaquín,BO080701,2018,43.419045439312384
BO_BO08,Bolivia,BO,San Joaquín,BO080701,2022,1.05734918793234
BO_BO08,Bolivia,BO,Santa Rosa,BO080303,2019,7.91109802602485
BO_BO08,Bolivia,BO,TIOC-TIM,BO080901,2022,27.59333248474399
BO_BO08,Bolivia,BO,Trinidad,BO080101,2022,27.50546695491328
BO_BO09,Bolivia,BO,Bella Flor,BO090104,2018,27.276163665503876
BO_BO09,Bolivia,BO,Nueva Esperanza,BO090501,2018,158.47894817322344
BO_BO09,Bolivia,BO,Nueva Esperanza,BO090501,2020,13.782182491910728
BO_BO09,Bolivia,BO,Nueva Esperanza,BO090501,2023,27.576352832717898
BO_BO09,Bolivia,BO,Nueva Esperanza,BO090501,2024,34.472032359027224
BO_BO09,Bolivia,BO,Puerto Rico,BO090201,2021,40.84310010413203
BR_11,Brasil,BR,Alto Paraíso,1100403,2018,47.69431471363014
BR_11,Brasil,BR,Alto Paraíso,1100403,2019,11.879834177571603
BR_11,Brasil,BR,Alto Paraíso,1100403,2020,5.95895811336966
BR_11,Brasil,BR,Alto Paraíso,1100403,2021,6.8695482244358015
BR_11,Brasil,BR,Ariquemes,1100023,2018,3615.5944100491297
BR_11,Brasil,BR,Ariquemes,1100023,2019,868.1406537318347
BR_11,Brasil,BR,Ariquemes,1100023,2020,359.84840166358754
BR_11,Brasil,BR,Ariquemes,1100023,2021,480.08438937837815
BR_11,Brasil,BR,Ariquemes,1100023,2022,483.2052386742663
BR_11,Brasil,BR,Ariquemes,1100023,2023,205.01365174759977
BR_11,Brasil,BR,Ariquemes,1100023,2024,166.28334443649484
BR_11,Brasil,BR,Cacoal,1100049,2024,16.569892526611874
BR_11,Brasil,BR,Campo Novo de Rondônia,1100700,2018,1472.7688728269552
BR_11,Brasil,BR,Campo Novo de Rondônia,1100700,2019,372.9126433938263
BR_11,Brasil,BR,Campo Novo de Rondônia,1100700,2020,202.80073471587102
BR_11,Brasil,BR,Campo Novo de Rondônia,1100700,2021,82.18198208152359
BR_11,Brasil,BR,Campo Novo de Rondônia,1100700,2022,171.2027423238634
BR_11,Brasil,BR,Campo Novo de Rondônia,1100700,2024,129.8178516031314
BR_11,Brasil,BR,Candeias do Jamari,1100809,2018,29.51081064823732
BR_11,Brasil,BR,Chupinguaia,1100924,2018,40.70399395659578
BR_11,Brasil,BR,Chupinguaia,1100924,2019,4.271111744123606
BR_11,Brasil,BR,Chupinguaia,1100924,2020,27.106055460694467
BR_11,Brasil,BR,Cujubim,1100940,2019,46.015435033342996
BR_11,Brasil,BR,Cujubim,1100940,2021,17.354509514850086
BR_11,Brasil,BR,Cujubim,1100940,2023,51.9535495245898
BR_11,Brasil,BR,Cujubim,1100940,2024,75.10210068663496
BR_11,Brasil,BR,Espigão D'Oeste,1100098,2018,196.48790211068828
BR_11,Brasil,BR,Espigão D'Oeste,1100098,2019,350.7448597789064
BR_11,Brasil,BR,Espigão D'Oeste,1100098,2020,54.24400516130261
BR_11,Brasil,BR,Espigão D'Oeste,1100098,2021,142.2797324860495
BR_11,Brasil,BR,Espigão D'Oeste,1100098,2022,83.37758221539873
BR_11,Brasil,BR,Espigão D'Oeste,1100098,2023,20.33203361980355
BR_11,Brasil,BR,Espigão D'Oeste,1100098,2024,40.64292717687689
BR_11,Brasil,BR,Governador Jorge Teixeira,1101005,2018,305.3823646272223
BR_11,Brasil,BR,Governador Jorge Teixeira,1101005,2019,27.381603377236768
BR_11,Brasil,BR,Governador Jorge Teixeira,1101005,2020,6.843985242949651
BR_11,Brasil,BR,Governador Jorge Teixeira,1101005,2023,13.693487277451295
BR_11,Brasil,BR,Governador Jorge Teixeira,1101005,2024,17.120205182350787
BR_11,Brasil,BR,Guajará-Mirim,1100106,2018,98.42578257253912
BR_11,Brasil,BR,Guajará-Mirim,1100106,2024,10.768404623889941
BR_11,Brasil,BR,Itapuã do Oeste,1101104,2018,2248.91580099327
BR_11,Brasil,BR,Itapuã do Oeste,1101104,2019,495.3614512155385
BR_11,Brasil,BR,Itapuã do Oeste,1101104,2020,279.63067926113376
BR_11,Brasil,BR,Itapuã do Oeste,1101104,2021,164.0220397660762
BR_11,Brasil,BR,Itapuã do Oeste,1101104,2022,170.8818958548368
BR_11,Brasil,BR,Itapuã do Oeste,1101104,2023,166.67447821150174
BR_11,Brasil,BR,Itapuã do Oeste,1101104,2024,151.38354121012722
BR_11,Brasil,BR,Ji-Paraná,1100122,2020,27.217860901185254
BR_11,Brasil,BR,Lábrea,1302405,2019,0.0
BR_11,Brasil,BR,Lábrea,1302405,2022,1.0362376231609974e-13
BR_11,Brasil,BR,Machadinho D'Oeste,1100130,2018,885.7748120961528
BR_11,Brasil,BR,Machadinho D'Oeste,1100130,2019,147.3688105077888
BR_11,Brasil,BR,Machadinho D'Oeste,1100130,2020,88.61768642248417
BR_11,Brasil,BR,Machadinho D'Oeste,1100130,2024,63.43860632537492
BR_11,Brasil,BR,Ministro Andreazza,1101203,2018,71.11111725137452
BR_11,Brasil,BR,Ministro Andreazza,1101203,2019,27.190841119867702
BR_11,Brasil,BR,Ministro Andreazza,1101203,2020,6.798615994804403
BR_11,Brasil,BR,Monte Negro,1101401,2018,2471.174073307117
BR_11,Brasil,BR,Monte Negro,1101401,2019,623.4954133931092
BR_11,Brasil,BR,Monte Negro,1101401,2020,143.675594760905
BR_11,Brasil,BR,Monte Negro,1101401,2021,151.57539845346284
BR_11,Brasil,BR,Monte Negro,1101401,2022,325.5470923774957
BR_11,Brasil,BR,Monte Negro,1101401,2023,27.367567906776934
BR_11,Brasil,BR,Monte Negro,1101401,2024,225.79682559961134
BR_11,Brasil,BR,Nova Mamoré,1100338,2018,96.3643890151328
BR_11,Brasil,BR,Nova Mamoré,1100338,2024,16.718218132410566
BR_11,Brasil,BR,Pimenta Bueno,1100189,2018,108.6183695308139
BR_11,Brasil,BR,Porto Velho,1100205,2018,3513.068421960157
BR_11,Brasil,BR,Porto Velho,1100205,2019,566.5231300998086
BR_11,Brasil,BR,Porto Velho,1100205,2020,385.56740069196184
BR_11,Brasil,BR,Porto Velho,1100205,2021,318.86928217295355
BR_11,Brasil,BR,Porto Velho,1100205,2022,730.9821538111617
BR_11,Brasil,BR,Porto Velho,1100205,2023,310.3841329629007
BR_11,Brasil,BR,Porto Velho,1100205,2024,117.05188598393033
BR_11,Brasil,BR,Presidente Médici,1100254,2020,40.8427869909504
BR_11,Brasil,BR,Rio Crespo,1100262,2018,1277.8228341000886
BR_11,Brasil,BR,Rio Crespo,1100262,2019,477.4632731358577
BR_11,Brasil,BR,Rio Crespo,1100262,2020,110.29687929253775
BR_11,Brasil,BR,Rio Crespo,1100262,2021,235.38204224286537
BR_11,Brasil,BR,Rio Crespo,1100262,2022,109.26733507899766
BR_11,Brasil,BR,Rio Crespo,1100262,2023,259.4801511777998
BR_11,Brasil,BR,Rio Crespo,1100262,2024,27.316961874811593
BR_11,Brasil,BR,São Miguel do Guaporé,1100320,2021,27.31606156476362
BR_11,Brasil,BR,Theobroma,1101609,2018,40.91209035056857
BR_11,Brasil,BR,Theobroma,1101609,2021,105.41901222621087
BR_11,Brasil,BR,Theobroma,1101609,2024,27.239832058760094
BR_11,Brasil,BR,Vilhena,1100304,2018,658.6888858043918
BR_11,Brasil,BR,Vilhena,1100304,2019,215.4360132027058
BR_11,Brasil,BR,Vilhena,1100304,2020,103.59571738501569
BR_11,Brasil,BR,Vilhena,1100304,2021,144.2295076378322
BR_11,Brasil,BR,Vilhena,1100304,2022,171.30737523356424
BR_11,Brasil,BR,Vilhena,1100304,2023,16.663808735757517
BR_11,Brasil,BR,Vilhena,1100304,2024,81.22077440511866
BR_12,Brasil,BR,Bujari,1200138,2019,29.327541719236145
BR_12,Brasil,BR,Cruzeiro do Sul,1200203,2018,111.58789206951002
BR_12,Brasil,BR,Cruzeiro do Sul,1200203,2021,42.7618975096302
BR_12,Brasil,BR,Cruzeiro do Sul,1200203,2022,47.45343800409738
BR_12,Brasil,BR,Feijó,1200302,2020,27.46718537530115
BR_12,Brasil,BR,Feijó,1200302,2021,41.202722583525265
BR_12,Brasil,BR,Feijó,1200302,2024,13.737781208229837
BR_12,Brasil,BR,Rio Branco,1200401,2019,27.22116322444547
BR_12,Brasil,BR,Rio Branco,1200401,2020,27.208646678175253
BR_13,Brasil,BR,Apuí,1300144,2022,265.4187765971596
BR_13,Brasil,BR,Apuí,1300144,2024,27.61547109198921
BR_13,Brasil,BR,Barcelos,1300409,2019,95.81763484423358
BR_13,Brasil,BR,Barcelos,1300409,2020,41.186786187907494
BR_13,Brasil,BR,Barcelos,1300409,2022,27.202358403143926
BR_13,Brasil,BR,Barcelos,1300409,2023,95.75001889227863
BR_13,Brasil,BR,Barcelos,1300409,2024,129.64442016758517
BR_13,Brasil,BR,Boca do Acre,1300706,2019,40.74881160038723
BR_13,Brasil,BR,Borba,1300805,2018,448.36030197833105
BR_13,Brasil,BR,Borba,1300805,2019,13.798891421513737
BR_13,Brasil,BR,Borba,1300805,2022,41.394671110423715
BR_13,Brasil,BR,Canutama,1300904,2018,41.24419975678329
BR_13,Brasil,BR,Careiro,1301100,2018,84.10177470232722
BR_13,Brasil,BR,Careiro,1301100,2023,9.126838643935086
BR_13,Brasil,BR,Coari,1301209,2018,54.705185317033646
BR_13,Brasil,BR,Coari,1301209,2021,68.3678150272728
BR_13,Brasil,BR,Coari,1301209,2022,41.031457334316826
BR_13,Brasil,BR,Coari,1301209,2023,27.353153476202838
BR_13,Brasil,BR,Eirunepé,1301407,2018,27.42555945432731
BR_13,Brasil,BR,Eirunepé,1301407,2023,15.822683407603117
BR_13,Brasil,BR,Fonte Boa,1301605,2021,27.045878148781902
BR_13,Brasil,BR,Humaitá,1301704,2019,27.348447871514953
BR_13,Brasil,BR,Humaitá,1301704,2020,54.581733837894774
BR_13,Brasil,BR,Iranduba,1301852,2018,157.89740134006598
BR_13,Brasil,BR,Iranduba,1301852,2019,57.83092567068928
BR_13,Brasil,BR,Iranduba,1301852,2020,29.12996020502284
BR_13,Brasil,BR,Iranduba,1301852,2022,27.109224164315325
BR_13,Brasil,BR,Iranduba,1301852,2023,14.563001132021979
BR_13,Brasil,BR,Iranduba,1301852,2024,54.10648459200258
BR_13,Brasil,BR,Itacoatiara,1301902,2023,27.557794045257882
BR_13,Brasil,BR,Itaituba,1503606,2018,0.00018309674721495554
BR_13,Brasil,BR,Itaituba,1503606,2021,0.0002315809671950973
BR_13,Brasil,BR,Itapiranga,1302009,2021,30.69786235112169
BR_13,Brasil,BR,Jacareacanga,1503754,2018,1.804235007928783e-06
BR_13,Brasil,BR,Jacareacanga,1503754,2020,0.00573292254159753
BR_13,Brasil,BR,Jacareacanga,1503754,2021,0.08192744195239864
BR_13,Brasil,BR,Jacareacanga,1503754,2022,0.021125573889996863
BR_13,Brasil,BR,Jacareacanga,1503754,2023,0.05291243215829701
BR_13,Brasil,BR,Jacareacanga,1503754,2024,0.12761309702801585
BR_13,Brasil,BR,Japurá,1302108,2018,177.70684867638187
BR_13,Brasil,BR,Japurá,1302108,2019,6.835247170049398
BR_13,Brasil,BR,Japurá,1302108,2020,54.66177333316834
BR_13,Brasil,BR,Japurá,1302108,2021,6.829992091129833
BR_13,Brasil,BR,Japurá,1302108,2022,641.9719492792658
BR_13,Brasil,BR,Japurá,1302108,2023,2130.9520807410013
BR_13,Brasil,BR,Japurá,1302108,2024,971.3312128626942
BR_13,Brasil,BR,Jutaí,1302306,2018,254.27311045991982
BR_13,Brasil,BR,Jutaí,1302306,2020,54.55603525391497
BR_13,Brasil,BR,Jutaí,1302306,2022,254.38543249892385
BR_13,Brasil,BR,Jutaí,1302306,2023,567.7250233870691
BR_13,Brasil,BR,Jutaí,1302306,2024,563.0622030577495
BR_13,Brasil,BR,Lábrea,1302405,2018,660.8016914368383
BR_13,Brasil,BR,Lábrea,1302405,2019,40.673665983479836
BR_13,Brasil,BR,Lábrea,1302405,2022,19.76665289570645
BR_13,Brasil,BR,Manacapuru,1302504,2018,178.1128179645452
BR_13,Brasil,BR,Manacapuru,1302504,2019,9.929470308372471
BR_13,Brasil,BR,Manacapuru,1302504,2022,155.76771733139552
BR_13,Brasil,BR,Manacapuru,1302504,2023,81.24252982740059
BR_13,Brasil,BR,Manacapuru,1302504,2024,88.07277913009499
BR_13,Brasil,BR,Manaquiri,1302553,2023,17.985148218786215
BR_13,Brasil,BR,Manaus,1302603,2018,539.794738979959
BR_13,Brasil,BR,Manaus,1302603,2019,33.39979639841113
BR_13,Brasil,BR,Manaus,1302603,2020,27.637789870721672
BR_13,Brasil,BR,Manaus,1302603,2022,54.68147437447372
BR_13,Brasil,BR,Manaus,1302603,2023,54.7109895717802
BR_13,Brasil,BR,Manaus,1302603,2024,122.87082548469861
BR_13,Brasil,BR,Manicoré,1302702,2018,40.791344759634775
BR_13,Brasil,BR,Manicoré,1302702,2019,183.70295083409036
BR_13,Brasil,BR,Manicoré,1302702,2020,142.8901100605234
BR_13,Brasil,BR,Manicoré,1302702,2021,511.961097209982
BR_13,Brasil,BR,Manicoré,1302702,2022,391.03767450938676
BR_13,Brasil,BR,Manicoré,1302702,2023,74.85100858253891
BR_13,Brasil,BR,Maués,1302900,2018,5004.360929810168
BR_13,Brasil,BR,Maués,1302900,2019,1800.5480685700727
BR_13,Brasil,BR,Maués,1302900,2020,1409.6552177991707
BR_13,Brasil,BR,Maués,1302900,2021,2202.5347582149557
BR_13,Brasil,BR,Maués,1302900,2022,2578.1336776539047
BR_13,Brasil,BR,Maués,1302900,2023,2900.3822938146827
BR_13,Brasil,BR,Maués,1302900,2024,2051.825804633233
BR_13,Brasil,BR,Novo Aripuanã,1303304,2018,1924.8284018303195
BR_13,Brasil,BR,Novo Aripuanã,1303304,2019,274.63049976796935
BR_13,Brasil,BR,Novo Aripuanã,1303304,2020,67.86010412986892
BR_13,Brasil,BR,Novo Aripuanã,1303304,2021,27.15144517635399
BR_13,Brasil,BR,Novo Aripuanã,1303304,2022,115.40297857774544
BR_13,Brasil,BR,Novo Aripuanã,1303304,2023,129.61186108394406
BR_13,Brasil,BR,Novo Aripuanã,1303304,2024,506.81499983865797
BR_13,Brasil,BR,Parintins,1303403,2018,54.61115778635
BR_13,Brasil,BR,Parintins,1303403,2019,13.650255774177852
BR_13,Brasil,BR,Parintins,1303403,2020,13.647518731342748
BR_13,Brasil,BR,Parintins,1303403,2021,27.311677073295193
BR_13,Brasil,BR,Porto Velho,1100205,2018,0.0
BR_13,Brasil,BR,Porto Velho,1100205,2022,0.0
BR_13,Brasil,BR,Presidente Figueiredo,1303536,2018,672.1840851837565
BR_13,Brasil,BR,Presidente Figueiredo,1303536,2019,166.46162000570644
BR_13,Brasil,BR,Presidente Figueiredo,1303536,2020,67.62167783071261
BR_13,Brasil,BR,Presidente Figueiredo,1303536,2021,27.052230929906493
BR_13,Brasil,BR,Presidente Figueiredo,1303536,2022,109.36321023197759
BR_13,Brasil,BR,Presidente Figueiredo,1303536,2023,81.18105332257824
BR_13,Brasil,BR,Presidente Figueiredo,1303536,2024,43.70926662920313
BR_13,Brasil,BR,Rio Preto da Eva,1303569,2018,165.59435094732223
BR_13,Brasil,BR,Rio Preto da Eva,1303569,2019,80.88867001706865
BR_13,Brasil,BR,Rio Preto da Eva,1303569,2020,27.596504931526578
BR_13,Brasil,BR,Rio Preto da Eva,1303569,2023,29.72151101000664
BR_13,Brasil,BR,Santo Antônio do Içá,1303700,2023,27.38768794803573
BR_13,Brasil,BR,Silves,1304005,2021,10.494213882803594
BR_13,Brasil,BR,São Gabriel da Cachoeira,1303809,2018,67.95051349703213
BR_13,Brasil,BR,São Gabriel da Cachoeira,1303809,2020,40.84086266605401
BR_13,Brasil,BR,São Gabriel da Cachoeira,1303809,2022,63.4068802203491
BR_13,Brasil,BR,São Gabriel da Cachoeira,1303809,2023,13.625817971228424
BR_13,Brasil,BR,São Gabriel da Cachoeira,1303809,2024,54.266498587756395
BR_13,Brasil,BR,Tapauá,1304104,2018,171.60135836934492
BR_13,Brasil,BR,Tapauá,1304104,2019,34.25306694669798
BR_13,Brasil,BR,Tapauá,1304104,2023,27.45278180484079
BR_13,Brasil,BR,Urucará,1304302,2019,69.10213767772312
BR_13,Brasil,BR,Urucará,1304302,2020,40.85628108599215
BR_13,Brasil,BR,Urucará,1304302,2022,27.03970516074412
BR_13,Brasil,BR,Urucará,1304302,2023,82.32823600635282
BR_13,Brasil,BR,Urucará,1304302,2024,41.46068904869559
BR_14,Brasil,BR,Alto Alegre,1400050,2018,366.92052660192104
BR_14,Brasil,BR,Alto Alegre,1400050,2019,517.2554328247276
BR_14,Brasil,BR,Alto Alegre,1400050,2020,468.6721755618872
BR_14,Brasil,BR,Alto Alegre,1400050,2021,772.4911045237618
BR_14,Brasil,BR,Alto Alegre,1400050,2022,2091.2288416742444
BR_14,Brasil,BR,Alto Alegre,1400050,2023,813.5905584412737
BR_14,Brasil,BR,Alto Alegre,1400050,2024,141.602084259111
BR_14,Brasil,BR,Amajari,1400027,2018,418.0112384368832
BR_14,Brasil,BR,Amajari,1400027,2019,348.4284754681867
BR_14,Brasil,BR,Amajari,1400027,2020,120.07008828772581
BR_14,Brasil,BR,Amajari,1400027,2021,432.49790191187276
BR_14,Brasil,BR,Amajari,1400027,2022,1172.3152741391482
BR_14,Brasil,BR,Amajari,1400027,2023,492.0680057183582
BR_14,Brasil,BR,Amajari,1400027,2024,117.9152267421793
BR_14,Brasil,BR,Barcelos,1300409,2024,0.0
BR_14,Brasil,BR,Boa Vista,1400100,2018,40.68001103598579
BR_14,Brasil,BR,Boa Vista,1400100,2019,27.06995474604729
BR_14,Brasil,BR,Boa Vista,1400100,2020,20.33929927921708
BR_14,Brasil,BR,Boa Vista,1400100,2021,13.560762614857685
BR_14,Brasil,BR,Boa Vista,1400100,2022,27.11347260897464
BR_14,Brasil,BR,Bonfim,1400159,2018,56.24894247229651
BR_14,Brasil,BR,Cantá,1400175,2018,198.58607628957373
BR_14,Brasil,BR,Cantá,1400175,2020,6.774544905901447
BR_14,Brasil,BR,Cantá,1400175,2021,27.076186430450708
BR_14,Brasil,BR,Cantá,1400175,2022,13.55159375455768
BR_14,Brasil,BR,Cantá,1400175,2023,6.776908716633235
BR_14,Brasil,BR,Cantá,1400175,2024,13.554298288076517
BR_14,Brasil,BR,Caracaraí,1400209,2018,67.87213397718001
BR_14,Brasil,BR,Caracaraí,1400209,2019,67.77669900369187
BR_14,Brasil,BR,Caracaraí,1400209,2020,6.767205002191647
BR_14,Brasil,BR,Caracaraí,1400209,2022,27.079178769994243
BR_14,Brasil,BR,Caracaraí,1400209,2024,11.30715566884184
BR_14,Brasil,BR,Iracema,1400282,2018,363.2228780078477
BR_14,Brasil,BR,Iracema,1400282,2019,418.68641056470676
BR_14,Brasil,BR,Iracema,1400282,2020,696.4246061192096
BR_14,Brasil,BR,Iracema,1400282,2021,2339.0253863937414
BR_14,Brasil,BR,Iracema,1400282,2022,2174.6590182205973
BR_14,Brasil,BR,Iracema,1400282,2023,1309.5284196778882
BR_14,Brasil,BR,Iracema,1400282,2024,264.6480729764535
BR_14,Brasil,BR,Mucajaí,1400308,2018,162.73030708012777
BR_14,Brasil,BR,Mucajaí,1400308,2019,1017.9284324007574
BR_14,Brasil,BR,Mucajaí,1400308,2020,471.3976682147795
BR_14,Brasil,BR,Mucajaí,1400308,2021,450.0335032390576
BR_14,Brasil,BR,Mucajaí,1400308,2022,1108.5781963214954
BR_14,Brasil,BR,Mucajaí,1400308,2023,1155.3594904699698
BR_14,Brasil,BR,Mucajaí,1400308,2024,284.05759784732254
BR_14,Brasil,BR,Normandia,1400407,2018,27.60216890811938
BR_14,Brasil,BR,Normandia,1400407,2019,13.801562206403963
BR_14,Brasil,BR,Normandia,1400407,2021,43.537023366239396
BR_14,Brasil,BR,Normandia,1400407,2022,55.2248133114126
BR_14,Brasil,BR,Rorainópolis,1400472,2020,27.09203379252193
BR_14,Brasil,BR,Rorainópolis,1400472,2024,135.69854911629088
BR_14,Brasil,BR,São João da Baliza,1400506,2022,41.46163349926111
BR_14,Brasil,BR,Uiramutã,1400704,2018,54.18602660647521
BR_14,Brasil,BR,Uiramutã,1400704,2020,13.545009073581326
BR_14,Brasil,BR,Uiramutã,1400704,2022,27.095289896502933
BR_15,Brasil,BR,Abaetetuba,1500107,2018,544.4730697045354
BR_15,Brasil,BR,Abaetetuba,1500107,2019,88.13471660313093
BR_15,Brasil,BR,Abaetetuba,1500107,2020,14.601409339250598
BR_15,Brasil,BR,Abaetetuba,1500107,2021,35.98306532063969
BR_15,Brasil,BR,Abaetetuba,1500107,2022,74.58729486365296
BR_15,Brasil,BR,Abaetetuba,1500107,2023,69.93100978046034
BR_15,Brasil,BR,Abaetetuba,1500107,2024,13.557488497239124
BR_15,Brasil,BR,Acará,1500206,2018,180.17312269067554
BR_15,Brasil,BR,Acará,1500206,2020,33.84725071029993
BR_15,Brasil,BR,Acará,1500206,2022,33.84372971740658
BR_15,Brasil,BR,Alenquer,1500404,2023,61.003470115209126
BR_15,Brasil,BR,Almeirim,1500503,2018,1822.3709857298563
BR_15,Brasil,BR,Almeirim,1500503,2019,374.73373712257444
BR_15,Brasil,BR,Almeirim,1500503,2020,662.908590525252
BR_15,Brasil,BR,Almeirim,1500503,2021,709.3228301333756
BR_15,Brasil,BR,Almeirim,1500503,2022,724.7065058347029
BR_15,Brasil,BR,Almeirim,1500503,2023,582.07843312471
BR_15,Brasil,BR,Almeirim,1500503,2024,525.4081459766975
BR_15,Brasil,BR,Altamira,1500602,2018,12451.155664019134
BR_15,Brasil,BR,Altamira,1500602,2019,3017.652460053368
BR_15,Brasil,BR,Altamira,1500602,2020,2129.9617677361557
BR_15,Brasil,BR,Altamira,1500602,2021,3327.2432873581015
BR_15,Brasil,BR,Altamira,1500602,2022,4175.885797261107
BR_15,Brasil,BR,Altamira,1500602,2023,2743.459397620994
BR_15,Brasil,BR,Altamira,1500602,2024,1669.164575067343
BR_15,Brasil,BR,Ananindeua,1500800,2018,188.92246873930296
BR_15,Brasil,BR,Ananindeua,1500800,2019,10.15230239148625
BR_15,Brasil,BR,Ananindeua,1500800,2020,0.4683428662506796
BR_15,Brasil,BR,Anapu,1500859,2018,2014.927872856657
BR_15,Brasil,BR,Anapu,1500859,2019,34.174185272982534
BR_15,Brasil,BR,Anapu,1500859,2020,116.32921566663468
BR_15,Brasil,BR,Anapu,1500859,2021,345.17326450285395
BR_15,Brasil,BR,Anapu,1500859,2022,64.706473526695
BR_15,Brasil,BR,Anapu,1500859,2023,88.87545740014139
BR_15,Brasil,BR,Anapu,1500859,2024,116.23244821814293
BR_15,Brasil,BR,Augusto Corrêa,1500909,2024,41.25377924160764
BR_15,Brasil,BR,Bannach,1501253,2018,603.0653329728503
BR_15,Brasil,BR,Bannach,1501253,2019,82.99247102363726
BR_15,Brasil,BR,Bannach,1501253,2020,204.8297482011841
BR_15,Brasil,BR,Bannach,1501253,2021,476.37983849935165
BR_15,Brasil,BR,Bannach,1501253,2022,404.3517965948376
BR_15,Brasil,BR,Bannach,1501253,2023,255.28235960535395
BR_15,Brasil,BR,Bannach,1501253,2024,201.1118206475984
BR_15,Brasil,BR,Barcarena,1501303,2018,510.46107967557776
BR_15,Brasil,BR,Barcarena,1501303,2019,246.0638930707113
BR_15,Brasil,BR,Barcarena,1501303,2020,155.89733186364666
BR_15,Brasil,BR,Barcarena,1501303,2021,40.6614063719035
BR_15,Brasil,BR,Barcarena,1501303,2022,27.109624071235324
BR_15,Brasil,BR,Barcarena,1501303,2023,74.55274564748456
BR_15,Brasil,BR,Belém,1501402,2018,0.009676713263440858
BR_15,Brasil,BR,Belém,1501402,2019,27.083916977139666
BR_15,Brasil,BR,Belém,1501402,2020,27.08878551739937
BR_15,Brasil,BR,Belém,1501402,2022,40.63093590765816
BR_15,Brasil,BR,Belém,1501402,2024,27.07341775589086
BR_15,Brasil,BR,Benevides,1501501,2020,54.135900228393325
BR_15,Brasil,BR,Benevides,1501501,2022,63.38037496548551
BR_15,Brasil,BR,Benevides,1501501,2023,7.386549128202533
BR_15,Brasil,BR,Benevides,1501501,2024,15.782858701428308
BR_15,Brasil,BR,Bom Jesus do Tocantins,1501576,2018,56.353205543764574
BR_15,Brasil,BR,Bom Jesus do Tocantins,1501576,2024,27.12938038480022
BR_15,Brasil,BR,Bragança,1501709,2018,27.51017537820909
BR_15,Brasil,BR,Bragança,1501709,2019,27.516646742230996
BR_15,Brasil,BR,Bragança,1501709,2020,13.757062740499517
BR_15,Brasil,BR,Bragança,1501709,2021,68.77886695576605
BR_15,Brasil,BR,Bragança,1501709,2022,89.42180214615931
BR_15,Brasil,BR,Brejo Grande do Araguaia,1501758,2020,27.09669481699058
BR_15,Brasil,BR,Breu Branco,1501782,2018,207.0650937822868
BR_15,Brasil,BR,Breu Branco,1501782,2019,27.18232415239201
BR_15,Brasil,BR,Breu Branco,1501782,2021,6.7940649633057255
BR_15,Brasil,BR,Breu Branco,1501782,2022,29.27611900327422
BR_15,Brasil,BR,Breves,1501808,2022,54.39653925235112
BR_15,Brasil,BR,Cachoeira do Arari,1502004,2023,27.13919240127224
BR_15,Brasil,BR,Cachoeira do Arari,1502004,2024,27.10628022724383
BR_15,Brasil,BR,Cachoeira do Piriá,1501956,2018,782.9459840299619
BR_15,Brasil,BR,Cachoeira do Piriá,1501956,2019,380.1079288416936
BR_15,Brasil,BR,Cachoeira do Piriá,1501956,2020,600.0145454567909
BR_15,Brasil,BR,Cachoeira do Piriá,1501956,2021,542.8973990073167
BR_15,Brasil,BR,Cachoeira do Piriá,1501956,2022,1313.5601977072351
BR_15,Brasil,BR,Cachoeira do Piriá,1501956,2023,633.8271232687928
BR_15,Brasil,BR,Cachoeira do Piriá,1501956,2024,619.4433818425476
BR_15,Brasil,BR,Canaã dos Carajás,1502152,2018,27.222500633459514
BR_15,Brasil,BR,Canaã dos Carajás,1502152,2020,27.222922908701225
BR_15,Brasil,BR,Canaã dos Carajás,1502152,2021,206.28598464045032
BR_15,Brasil,BR,Canaã dos Carajás,1502152,2022,88.49164232859728
BR_15,Brasil,BR,Canaã dos Carajás,1502152,2023,238.29710310027312
BR_15,Brasil,BR,Capanema,1502202,2018,41.95763814573416
BR_15,Brasil,BR,Capanema,1502202,2019,6.413061685655948
BR_15,Brasil,BR,Capanema,1502202,2021,41.34242918168825
BR_15,Brasil,BR,Capanema,1502202,2022,6.887893793493666
BR_15,Brasil,BR,Capanema,1502202,2023,27.56016332122556
BR_15,Brasil,BR,Capanema,1502202,2024,40.15486885481009
BR_15,Brasil,BR,Capitão Poço,1502301,2018,123.99202092799865
BR_15,Brasil,BR,Capitão Poço,1502301,2019,103.31048622031163
BR_15,Brasil,BR,Capitão Poço,1502301,2020,158.4337181325855
BR_15,Brasil,BR,Capitão Poço,1502301,2021,20.66424913905862
BR_15,Brasil,BR,Capitão Poço,1502301,2022,89.54731827605997
BR_15,Brasil,BR,Capitão Poço,1502301,2023,80.01933419065966
BR_15,Brasil,BR,Capitão Poço,1502301,2024,20.666488428512487
BR_15,Brasil,BR,Castanhal,1502400,2018,197.1999535739715
BR_15,Brasil,BR,Castanhal,1502400,2019,21.214822084708373
BR_15,Brasil,BR,Castanhal,1502400,2021,20.73623692121127
BR_15,Brasil,BR,Castanhal,1502400,2022,42.40508282076575
BR_15,Brasil,BR,Castanhal,1502400,2023,57.38436539196008
BR_15,Brasil,BR,Castanhal,1502400,2024,89.82420240991729
BR_15,Brasil,BR,Conceição do Araguaia,1502707,2018,178.6618845146367
BR_15,Brasil,BR,Conceição do Araguaia,1502707,2019,13.582907534363429
BR_15,Brasil,BR,Conceição do Araguaia,1502707,2020,27.15966941019486
BR_15,Brasil,BR,Conceição do Araguaia,1502707,2022,54.36046662424695
BR_15,Brasil,BR,Conceição do Araguaia,1502707,2024,40.74734403877668
BR_15,Brasil,BR,Cumaru do Norte,1502764,2018,7128.359828644215
BR_15,Brasil,BR,Cumaru do Norte,1502764,2019,2960.932313106196
BR_15,Brasil,BR,Cumaru do Norte,1502764,2020,2919.32862693597
BR_15,Brasil,BR,Cumaru do Norte,1502764,2021,3613.908684742418
BR_15,Brasil,BR,Cumaru do Norte,1502764,2022,2966.0250594629806
BR_15,Brasil,BR,Cumaru do Norte,1502764,2023,581.4661308598123
BR_15,Brasil,BR,Cumaru do Norte,1502764,2024,489.2880825285707
BR_15,Brasil,BR,Curionópolis,1502772,2018,545.1290638109547
BR_15,Brasil,BR,Curionópolis,1502772,2019,193.4325810173513
BR_15,Brasil,BR,Curionópolis,1502772,2020,434.0651730504748
BR_15,Brasil,BR,Curionópolis,1502772,2021,804.4546200213923
BR_15,Brasil,BR,Curionópolis,1502772,2022,594.8752791140794
BR_15,Brasil,BR,Curionópolis,1502772,2023,394.84578424814424
BR_15,Brasil,BR,Curionópolis,1502772,2024,20.971553739197994
BR_15,Brasil,BR,Curralinho,1502806,2022,0.1620717363540803
BR_15,Brasil,BR,Curuçá,1502905,2018,78.10718936011445
BR_15,Brasil,BR,Curuçá,1502905,2020,1.0623578693318856
BR_15,Brasil,BR,Curuçá,1502905,2023,6.90810594984204
BR_15,Brasil,BR,Dom Eliseu,1502939,2018,68.20659833599674
BR_15,Brasil,BR,Dom Eliseu,1502939,2019,27.604192690884314
BR_15,Brasil,BR,Dom Eliseu,1502939,2020,13.80496930813529
BR_15,Brasil,BR,Dom Eliseu,1502939,2021,41.42235070825335
BR_15,Brasil,BR,Eldorado do Carajás,1502954,2018,95.12384249247775
BR_15,Brasil,BR,Eldorado do Carajás,1502954,2019,20.38160423625119
BR_15,Brasil,BR,Eldorado do Carajás,1502954,2020,67.97013361871379
BR_15,Brasil,BR,Eldorado do Carajás,1502954,2021,203.87423871886844
BR_15,Brasil,BR,Eldorado do Carajás,1502954,2022,75.90765569635852
BR_15,Brasil,BR,Eldorado do Carajás,1502954,2023,22.48135991413716
BR_15,Brasil,BR,Eldorado do Carajás,1502954,2024,13.585558712029998
BR_15,Brasil,BR,Floresta do Araguaia,1503044,2018,140.2542968750117
BR_15,Brasil,BR,Floresta do Araguaia,1503044,2019,68.02713700702122
BR_15,Brasil,BR,Floresta do Araguaia,1503044,2020,156.4955302935798
BR_15,Brasil,BR,Floresta do Araguaia,1503044,2021,115.66209661055714
BR_15,Brasil,BR,Floresta do Araguaia,1503044,2022,28.2607244352477
BR_15,Brasil,BR,Garrafão do Norte,1503077,2021,27.54916270456607
BR_15,Brasil,BR,Garrafão do Norte,1503077,2022,13.773881982057638
BR_15,Brasil,BR,Garrafão do Norte,1503077,2023,13.774805282679209
BR_15,Brasil,BR,Igarapé-Miri,1503309,2018,67.89404813404896
BR_15,Brasil,BR,Igarapé-Miri,1503309,2021,13.577732492540468
BR_15,Brasil,BR,Igarapé-Miri,1503309,2023,45.25425706419426
BR_15,Brasil,BR,Ipixuna do Pará,1503457,2018,743.4068968851335
BR_15,Brasil,BR,Ipixuna do Pará,1503457,2019,166.84346811949564
BR_15,Brasil,BR,Ipixuna do Pará,1503457,2020,193.41999978348406
BR_15,Brasil,BR,Ipixuna do Pará,1503457,2021,41.39961975606514
BR_15,Brasil,BR,Ipixuna do Pará,1503457,2022,75.99869920324143
BR_15,Brasil,BR,Ipixuna do Pará,1503457,2023,6.905333239121435
BR_15,Brasil,BR,Ipixuna do Pará,1503457,2024,145.06440079922237
BR_15,Brasil,BR,Itaituba,1503606,2018,226044.45018228094
BR_15,Brasil,BR,Itaituba,1503606,2019,46024.86880181372
BR_15,Brasil,BR,Itaituba,1503606,2020,43515.83637835995
BR_15,Brasil,BR,Itaituba,1503606,2021,56183.08688802285
BR_15,Brasil,BR,Itaituba,1503606,2022,51689.160453763274
BR_15,Brasil,BR,Itaituba,1503606,2023,38231.82803436982
BR_15,Brasil,BR,Itaituba,1503606,2024,23458.958485007963
BR_15,Brasil,BR,Itupiranga,1503705,2022,102.06396764279185
BR_15,Brasil,BR,Itupiranga,1503705,2023,20.412022373145955
BR_15,Brasil,BR,Itupiranga,1503705,2024,36.11701830034346
BR_15,Brasil,BR,Jacareacanga,1503754,2018,54547.79816803859
BR_15,Brasil,BR,Jacareacanga,1503754,2019,20448.950161588935
BR_15,Brasil,BR,Jacareacanga,1503754,2020,25848.522128768207
BR_15,Brasil,BR,Jacareacanga,1503754,2021,23788.019763900833
BR_15,Brasil,BR,Jacareacanga,1503754,2022,18408.544086884875
BR_15,Brasil,BR,Jacareacanga,1503754,2023,9168.062942316114
BR_15,Brasil,BR,Jacareacanga,1503754,2024,4425.047914555332
BR_15,Brasil,BR,Jacundá,1503804,2020,27.153514681653586
BR_15,Brasil,BR,Juruti,1503903,2018,401.7038361513656
BR_15,Brasil,BR,Juruti,1503903,2019,143.14912880100727
BR_15,Brasil,BR,Juruti,1503903,2020,238.50378983292308
BR_15,Brasil,BR,Juruti,1503903,2021,95.40214216917249
BR_15,Brasil,BR,Juruti,1503903,2022,322.3444713507533
BR_15,Brasil,BR,Juruti,1503903,2023,27.253829197156172
BR_15,Brasil,BR,Marabá,1504208,2018,393.89564741697296
BR_15,Brasil,BR,Marabá,1504208,2019,160.79506669638582
BR_15,Brasil,BR,Marabá,1504208,2020,112.08330897073715
BR_15,Brasil,BR,Marabá,1504208,2021,643.3647232892006
BR_15,Brasil,BR,Marabá,1504208,2022,467.54593058983437
BR_15,Brasil,BR,Marabá,1504208,2023,278.0414432662186
BR_15,Brasil,BR,Marabá,1504208,2024,398.4961436785814
BR_15,Brasil,BR,Marituba,1504422,2018,81.81432626878176
BR_15,Brasil,BR,Marituba,1504422,2019,59.62583494104007
BR_15,Brasil,BR,Marituba,1504422,2020,68.24936001132646
BR_15,Brasil,BR,Marituba,1504422,2021,27.073935372762342
BR_15,Brasil,BR,Marituba,1504422,2022,4.287814134120595
BR_15,Brasil,BR,Marituba,1504422,2023,12.912257754786983
BR_15,Brasil,BR,Marituba,1504422,2024,38.34958479214333
BR_15,Brasil,BR,Maués,1302900,2020,0.0
BR_15,Brasil,BR,Maués,1302900,2021,0.0
BR_15,Brasil,BR,Maués,1302900,2022,2.3897155188024046e-11
BR_15,Brasil,BR,Maués,1302900,2023,4.783174722727996e-13
BR_15,Brasil,BR,Moju,1504703,2018,42.8154631373565
BR_15,Brasil,BR,Moju,1504703,2019,29.20941177106605
BR_15,Brasil,BR,Moju,1504703,2022,54.2228862026862
BR_15,Brasil,BR,Moju,1504703,2024,67.7681876245773
BR_15,Brasil,BR,Mãe do Rio,1504059,2018,41.3911885438334
BR_15,Brasil,BR,Mãe do Rio,1504059,2019,41.391149363023686
BR_15,Brasil,BR,Mãe do Rio,1504059,2021,13.79925075674323
BR_15,Brasil,BR,Nova Esperança do Piriá,1504950,2018,13.405564417583545
BR_15,Brasil,BR,Nova Ipixuna,1504976,2022,1.5574396396946628
BR_15,Brasil,BR,Novo Progresso,1505031,2018,3482.7040499604327
BR_15,Brasil,BR,Novo Progresso,1505031,2019,2490.2669241651097
BR_15,Brasil,BR,Novo Progresso,1505031,2020,3796.129322770023
BR_15,Brasil,BR,Novo Progresso,1505031,2021,5519.519109636566
BR_15,Brasil,BR,Novo Progresso,1505031,2022,4905.565438446495
BR_15,Brasil,BR,Novo Progresso,1505031,2023,2867.977360386032
BR_15,Brasil,BR,Novo Progresso,1505031,2024,1904.066086681252
BR_15,Brasil,BR,Novo Repartimento,1505064,2021,27.27675636776205
BR_15,Brasil,BR,Novo Repartimento,1505064,2022,170.56723959754578
BR_15,Brasil,BR,Novo Repartimento,1505064,2024,27.217198245727666
BR_15,Brasil,BR,Oeiras do Pará,1505205,2021,40.82913274079356
BR_15,Brasil,BR,Oriximiná,1505304,2018,1097.2450915913705
BR_15,Brasil,BR,Oriximiná,1505304,2019,221.46519862728388
BR_15,Brasil,BR,Oriximiná,1505304,2020,353.1772337444284
BR_15,Brasil,BR,Oriximiná,1505304,2021,157.03216259641263
BR_15,Brasil,BR,Oriximiná,1505304,2022,136.57080778424242
BR_15,Brasil,BR,Oriximiná,1505304,2023,113.4064279676463
BR_15,Brasil,BR,Oriximiná,1505304,2024,83.95162713654354
BR_15,Brasil,BR,Ourilândia do Norte,1505437,2018,16314.19924326156
BR_15,Brasil,BR,Ourilândia do Norte,1505437,2019,4390.062149946706
BR_15,Brasil,BR,Ourilândia do Norte,1505437,2020,5059.596462640919
BR_15,Brasil,BR,Ourilândia do Norte,1505437,2021,5189.64974644605
BR_15,Brasil,BR,Ourilândia do Norte,1505437,2022,4947.365776141762
BR_15,Brasil,BR,Ourilândia do Norte,1505437,2023,3151.4259463993344
BR_15,Brasil,BR,Ourilândia do Norte,1505437,2024,1920.0726556229324
BR_15,Brasil,BR,Ourém,1505403,2018,463.7239866515224
BR_15,Brasil,BR,Ourém,1505403,2019,316.93717017503127
BR_15,Brasil,BR,Ourém,1505403,2020,84.80460264501957
BR_15,Brasil,BR,Ourém,1505403,2021,35.506161766086514
BR_15,Brasil,BR,Ourém,1505403,2022,189.19228588911776
BR_15,Brasil,BR,Ourém,1505403,2023,71.00549706394162
BR_15,Brasil,BR,Ourém,1505403,2024,41.341012760456394
BR_15,Brasil,BR,Pacajá,1505486,2018,245.5999621718904
BR_15,Brasil,BR,Pacajá,1505486,2019,115.97772639752657
BR_15,Brasil,BR,Pacajá,1505486,2020,34.14813605464077
BR_15,Brasil,BR,Pacajá,1505486,2022,13.634682777641892
BR_15,Brasil,BR,Pacajá,1505486,2023,111.24939159219915
BR_15,Brasil,BR,Pacajá,1505486,2024,27.268659417716094
BR_15,Brasil,BR,Paragominas,1505502,2018,784.1273910569912
BR_15,Brasil,BR,Paragominas,1505502,2019,96.81874154691808
BR_15,Brasil,BR,Paragominas,1505502,2020,264.6867469493922
BR_15,Brasil,BR,Paragominas,1505502,2021,182.67327846813455
BR_15,Brasil,BR,Paragominas,1505502,2022,34.523997959344726
BR_15,Brasil,BR,Paragominas,1505502,2023,6.9047772995430785
BR_15,Brasil,BR,Paragominas,1505502,2024,91.85045355488339
BR_15,Brasil,BR,Parauapebas,1505536,2018,117.24649883050667
BR_15,Brasil,BR,Parauapebas,1505536,2019,131.50105761676122
BR_15,Brasil,BR,Parauapebas,1505536,2020,113.21632106548947
BR_15,Brasil,BR,Parauapebas,1505536,2021,312.3073747921661
BR_15,Brasil,BR,Parauapebas,1505536,2022,168.9048385722358
BR_15,Brasil,BR,Parauapebas,1505536,2023,139.72080517199734
BR_15,Brasil,BR,Parauapebas,1505536,2024,40.827674018841556
BR_15,Brasil,BR,Pau D'Arco,1505551,2019,7.276045360997922
BR_15,Brasil,BR,Piçarra,1505635,2019,40.65966620478921
BR_15,Brasil,BR,Portel,1505809,2020,68.25705493348875
BR_15,Brasil,BR,Portel,1505809,2021,54.6269611960942
BR_15,Brasil,BR,Primavera,1506104,2018,61.99640520684506
BR_15,Brasil,BR,Primavera,1506104,2019,27.55618502575505
BR_15,Brasil,BR,Primavera,1506104,2024,13.775246511239892
BR_15,Brasil,BR,Redenção,1506138,2018,27.23857986019311
BR_15,Brasil,BR,Redenção,1506138,2019,62.90085050705977
BR_15,Brasil,BR,Redenção,1506138,2020,95.34118706271248
BR_15,Brasil,BR,Redenção,1506138,2021,20.42741124945058
BR_15,Brasil,BR,Redenção,1506138,2022,81.72077073776688
BR_15,Brasil,BR,Redenção,1506138,2024,13.618655046723813
BR_15,Brasil,BR,Rio Maria,1506161,2018,816.2653630556522
BR_15,Brasil,BR,Rio Maria,1506161,2019,451.3328617668297
BR_15,Brasil,BR,Rio Maria,1506161,2020,723.1674266026316
BR_15,Brasil,BR,Rio Maria,1506161,2021,451.8581537166096
BR_15,Brasil,BR,Rio Maria,1506161,2022,638.316753946287
BR_15,Brasil,BR,Rio Maria,1506161,2023,156.54372493104395
BR_15,Brasil,BR,Rio Maria,1506161,2024,207.3767271539657
BR_15,Brasil,BR,Rondon do Pará,1506187,2020,60.85562209053406
BR_15,Brasil,BR,Santa Bárbara do Pará,1506351,2018,67.6684316956207
BR_15,Brasil,BR,Santa Bárbara do Pará,1506351,2020,13.530924786925869
BR_15,Brasil,BR,Santa Bárbara do Pará,1506351,2024,27.063200523487605
BR_15,Brasil,BR,Santa Izabel do Pará,1506500,2018,28.251512892777555
BR_15,Brasil,BR,Santa Izabel do Pará,1506500,2019,5.823826401294657
BR_15,Brasil,BR,Santa Izabel do Pará,1506500,2020,60.853944953756596
BR_15,Brasil,BR,Santa Luzia do Pará,1506559,2018,41.109511241508514
BR_15,Brasil,BR,Santa Luzia do Pará,1506559,2022,27.55946674530875
BR_15,Brasil,BR,Santa Luzia do Pará,1506559,2023,34.43210648323658
BR_15,Brasil,BR,Santa Maria das Barreiras,1506583,2018,1741.2038698215679
BR_15,Brasil,BR,Santa Maria das Barreiras,1506583,2019,406.1555588678361
BR_15,Brasil,BR,Santa Maria das Barreiras,1506583,2020,548.724508176356
BR_15,Brasil,BR,Santa Maria das Barreiras,1506583,2021,517.6191891508951
BR_15,Brasil,BR,Santa Maria das Barreiras,1506583,2022,364.5858735647158
BR_15,Brasil,BR,Santa Maria das Barreiras,1506583,2023,149.34048439366092
BR_15,Brasil,BR,Santa Maria das Barreiras,1506583,2024,113.73600461628577
BR_15,Brasil,BR,Santana do Araguaia,1506708,2018,351.2632215590227
BR_15,Brasil,BR,Santana do Araguaia,1506708,2019,104.70928831394812
BR_15,Brasil,BR,Santana do Araguaia,1506708,2020,322.7344302067717
BR_15,Brasil,BR,Santana do Araguaia,1506708,2021,504.04043407668803
BR_15,Brasil,BR,Santana do Araguaia,1506708,2022,282.4719775619879
BR_15,Brasil,BR,Santana do Araguaia,1506708,2023,83.47642280206902
BR_15,Brasil,BR,Santana do Araguaia,1506708,2024,133.77905846911398
BR_15,Brasil,BR,Santo Antônio do Tauá,1507003,2018,909.3744628147427
BR_15,Brasil,BR,Santo Antônio do Tauá,1507003,2019,89.98870433301181
BR_15,Brasil,BR,Santo Antônio do Tauá,1507003,2020,54.08909560842755
BR_15,Brasil,BR,Santo Antônio do Tauá,1507003,2021,47.33106050969651
BR_15,Brasil,BR,Santo Antônio do Tauá,1507003,2022,54.08491210920266
BR_15,Brasil,BR,Santo Antônio do Tauá,1507003,2023,6.761354229318362
BR_15,Brasil,BR,Santo Antônio do Tauá,1507003,2024,6.761005903363766
BR_15,Brasil,BR,Senador José Porfírio,1507805,2018,84.40857412602695
BR_15,Brasil,BR,Senador José Porfírio,1507805,2019,144.01914037319904
BR_15,Brasil,BR,Senador José Porfírio,1507805,2020,227.35396992127747
BR_15,Brasil,BR,Senador José Porfírio,1507805,2021,254.77423575204386
BR_15,Brasil,BR,Senador José Porfírio,1507805,2022,449.87183360682127
BR_15,Brasil,BR,Senador José Porfírio,1507805,2023,48.00401460447662
BR_15,Brasil,BR,Soure,1507904,2020,27.094006554653845
BR_15,Brasil,BR,Soure,1507904,2023,27.09091018439774
BR_15,Brasil,BR,São Caetano de Odivelas,1507102,2018,14.192911458239145
BR_15,Brasil,BR,São Domingos do Araguaia,1507151,2018,27.11596635844662
BR_15,Brasil,BR,São Francisco do Pará,1507409,2018,91.28408546460409
BR_15,Brasil,BR,São Félix do Xingu,1507300,2018,15403.61823639339
BR_15,Brasil,BR,São Félix do Xingu,1507300,2019,3692.6896958047278
BR_15,Brasil,BR,São Félix do Xingu,1507300,2020,3908.9365214687577
BR_15,Brasil,BR,São Félix do Xingu,1507300,2021,2257.7293832140394
BR_15,Brasil,BR,São Félix do Xingu,1507300,2022,3148.605214742056
BR_15,Brasil,BR,São Félix do Xingu,1507300,2023,1683.2774785368265
BR_15,Brasil,BR,São Félix do Xingu,1507300,2024,1505.6613652087062
BR_15,Brasil,BR,São Geraldo do Araguaia,1507458,2018,27.146054897532352
BR_15,Brasil,BR,São João da Ponta,1507466,2019,27.642559255633532
BR_15,Brasil,BR,São João da Ponta,1507466,2022,13.819531495944277
BR_15,Brasil,BR,São Miguel do Guamá,1507607,2019,27.582533315800077
BR_15,Brasil,BR,Tailândia,1507953,2018,29.201669378218934
BR_15,Brasil,BR,Tailândia,1507953,2019,27.13760944369373
BR_15,Brasil,BR,Tailândia,1507953,2021,27.12805845153492
BR_15,Brasil,BR,Tailândia,1507953,2022,13.566866319672123
BR_15,Brasil,BR,Tailândia,1507953,2023,40.70395801444451
BR_15,Brasil,BR,Tomé-Açu,1508001,2020,27.05199033004802
BR_15,Brasil,BR,Tracuateua,1508035,2018,54.696907362863655
BR_15,Brasil,BR,Tracuateua,1508035,2019,7.359434137764558
BR_15,Brasil,BR,Tracuateua,1508035,2022,27.55336394177541
BR_15,Brasil,BR,Tracuateua,1508035,2023,13.771507317039324
BR_15,Brasil,BR,Tracuateua,1508035,2024,1.1756349934649846
BR_15,Brasil,BR,Trairão,1508050,2018,3178.4933044717445
BR_15,Brasil,BR,Trairão,1508050,2019,1614.4375329124325
BR_15,Brasil,BR,Trairão,1508050,2020,1647.670003030327
BR_15,Brasil,BR,Trairão,1508050,2021,1112.481704115477
BR_15,Brasil,BR,Trairão,1508050,2022,1115.4437228323368
BR_15,Brasil,BR,Trairão,1508050,2023,518.8743528664879
BR_15,Brasil,BR,Trairão,1508050,2024,353.2472796295327
BR_15,Brasil,BR,Tucumã,1508084,2018,4187.407749400853
BR_15,Brasil,BR,Tucumã,1508084,2019,592.0541668440812
BR_15,Brasil,BR,Tucumã,1508084,2020,1036.6323226803768
BR_15,Brasil,BR,Tucumã,1508084,2021,946.5963933010644
BR_15,Brasil,BR,Tucumã,1508084,2022,1012.3134247808188
BR_15,Brasil,BR,Tucumã,1508084,2023,435.6577949491193
BR_15,Brasil,BR,Tucumã,1508084,2024,386.5129792422222
BR_15,Brasil,BR,Tucuruí,1508100,2018,27.20841631102424
BR_15,Brasil,BR,Ulianópolis,1508126,2024,79.02460744867187
BR_15,Brasil,BR,Vigia,1508209,2018,668.7740325482829
BR_15,Brasil,BR,Vigia,1508209,2019,27.052233394578664
BR_15,Brasil,BR,Vigia,1508209,2020,40.5794648834908
BR_15,Brasil,BR,Vigia,1508209,2021,40.5731011939439
BR_15,Brasil,BR,Vigia,1508209,2022,74.38641779610668
BR_15,Brasil,BR,Vigia,1508209,2023,6.761276651945099
BR_15,Brasil,BR,Vigia,1508209,2024,6.76196026320793
BR_15,Brasil,BR,Viseu,1508308,2020,27.462404349013354
BR_15,Brasil,BR,Viseu,1508308,2022,153.1902614848182
BR_15,Brasil,BR,Viseu,1508308,2024,27.47091688460975
BR_15,Brasil,BR,Vitória do Xingu,1508357,2018,251.96398322198766
BR_15,Brasil,BR,Vitória do Xingu,1508357,2019,20.555215817474686
BR_15,Brasil,BR,Vitória do Xingu,1508357,2020,84.33000769805417
BR_15,Brasil,BR,Xinguara,1508407,2018,27.23091707934616
BR_15,Brasil,BR,Xinguara,1508407,2020,81.71022549503664
BR_15,Brasil,BR,Xinguara,1508407,2021,67.97740805521933
BR_15,Brasil,BR,Xinguara,1508407,2022,33.99053600709203
BR_15,Brasil,BR,Água Azul do Norte,1500347,2018,54.49028840079795
BR_15,Brasil,BR,Água Azul do Norte,1500347,2019,68.20316180172352
BR_15,Brasil,BR,Água Azul do Norte,1500347,2020,156.78189048886748
BR_15,Brasil,BR,Água Azul do Norte,1500347,2021,83.87160214142224
BR_15,Brasil,BR,Água Azul do Norte,1500347,2022,54.53797694285751
BR_15,Brasil,BR,Água Azul do Norte,1500347,2023,177.1697637736156
BR_15,Brasil,BR,Água Azul do Norte,1500347,2024,68.11893635616704
BR_15,Brasil,BR,Óbidos,1505106,2018,27.257591681432515
BR_15,Brasil,BR,Óbidos,1505106,2019,13.63097112307763
BR_15,Brasil,BR,Óbidos,1505106,2020,2.0962468107821928
BR_15,Brasil,BR,Óbidos,1505106,2021,1.047743269160317
BR_15,Brasil,BR,Óbidos,1505106,2022,13.629360923438938
BR_16,Brasil,BR,Amapá,1600105,2019,54.63126575396062
BR_16,Brasil,BR,Amapá,1600105,2023,27.31433315863228
BR_16,Brasil,BR,Calçoene,1600204,2018,2447.614739896909
BR_16,Brasil,BR,Calçoene,1600204,2019,382.0992651362855
BR_16,Brasil,BR,Calçoene,1600204,2020,452.2131553847388
BR_16,Brasil,BR,Calçoene,1600204,2021,607.8977319902018
BR_16,Brasil,BR,Calçoene,1600204,2022,1698.3659575354684
BR_16,Brasil,BR,Calçoene,1600204,2023,2841.62712263698
BR_16,Brasil,BR,Calçoene,1600204,2024,1857.5502603160785
BR_16,Brasil,BR,Macapá,1600303,2018,40.986664791456946
BR_16,Brasil,BR,Macapá,1600303,2020,13.665562392953477
BR_16,Brasil,BR,Macapá,1600303,2024,13.660411364332342
BR_16,Brasil,BR,Mazagão,1600402,2018,34.564785200303064
BR_16,Brasil,BR,Mazagão,1600402,2021,39.754407994276505
BR_16,Brasil,BR,Mazagão,1600402,2022,6.852056379817352
BR_16,Brasil,BR,Mazagão,1600402,2024,13.709467581222563
BR_16,Brasil,BR,Oiapoque,1600501,2018,260.60382915800056
BR_16,Brasil,BR,Oiapoque,1600501,2020,27.415862301341228
BR_16,Brasil,BR,Oiapoque,1600501,2021,20.55830763460017
BR_16,Brasil,BR,Oiapoque,1600501,2022,328.77557364140335
BR_16,Brasil,BR,Oiapoque,1600501,2023,503.95254730820557
BR_16,Brasil,BR,Oiapoque,1600501,2024,1176.6211272590638
BR_16,Brasil,BR,Pedra Branca do Amapari,1600154,2018,679.123493689982
BR_16,Brasil,BR,Pedra Branca do Amapari,1600154,2019,54.93161077842139
BR_16,Brasil,BR,Pedra Branca do Amapari,1600154,2020,82.29241578286512
BR_16,Brasil,BR,Pedra Branca do Amapari,1600154,2021,54.92495009299029
BR_16,Brasil,BR,Pedra Branca do Amapari,1600154,2022,384.3390508919689
BR_16,Brasil,BR,Pedra Branca do Amapari,1600154,2023,272.634341851659
BR_16,Brasil,BR,Pedra Branca do Amapari,1600154,2024,523.3839684379017
BR_16,Brasil,BR,Porto Grande,1600535,2018,300.9932078541939
BR_16,Brasil,BR,Porto Grande,1600535,2019,55.85383837889841
BR_16,Brasil,BR,Porto Grande,1600535,2020,41.12325313140799
BR_16,Brasil,BR,Porto Grande,1600535,2021,49.35802065348706
BR_16,Brasil,BR,Porto Grande,1600535,2022,20.56034599716474
BR_16,Brasil,BR,Porto Grande,1600535,2023,22.75807043237605
BR_16,Brasil,BR,Pracuúba,1600550,2021,27.31310404921826
BR_16,Brasil,BR,Santana,1600600,2019,27.37111108240941
BR_16,Brasil,BR,Serra do Navio,1600055,2018,27.458282059555273
BR_16,Brasil,BR,Serra do Navio,1600055,2019,41.191333676870286
BR_16,Brasil,BR,Tartarugalzinho,1600709,2018,550.4620800220675
BR_16,Brasil,BR,Tartarugalzinho,1600709,2019,13.685347074508007
BR_16,Brasil,BR,Tartarugalzinho,1600709,2020,27.306943317281792
BR_16,Brasil,BR,Tartarugalzinho,1600709,2022,88.80227811189832
BR_16,Brasil,BR,Tartarugalzinho,1600709,2023,61.53679595911216
BR_16,Brasil,BR,Tartarugalzinho,1600709,2024,123.12357905822668
BR_16,Brasil,BR,Vitória do Jari,1600808,2018,54.96116670090816
BR_17,Brasil,BR,Araguatins,1702208,2019,27.073305646513035
BR_17,Brasil,BR,Bandeirantes do Tocantins,1703057,2019,42.30769976607468
BR_17,Brasil,BR,Bandeirantes do Tocantins,1703057,2020,12.257618317974451
BR_17,Brasil,BR,Bandeirantes do Tocantins,1703057,2022,56.30832309861987
BR_17,Brasil,BR,Bandeirantes do Tocantins,1703057,2024,13.555493259533538
BR_17,Brasil,BR,Pau D'Arco,1716307,2019,11.512546235037139
BR_17,Brasil,BR,Pau D'Arco,1716307,2020,1.2982813830120863
BR_17,Brasil,BR,São Miguel do Tocantins,1720200,2024,27.609612134113394
BR_17,Brasil,BR,Xambioá,1722107,2018,54.1611402054161
BR_17,Brasil,BR,Xambioá,1722107,2019,20.30819877343992
BR_17,Brasil,BR,Xambioá,1722107,2020,54.161638158854956
BR_17,Brasil,BR,Xambioá,1722107,2021,6.772284936933525
BR_17,Brasil,BR,Xambioá,1722107,2022,6.771727010841334
BR_17,Brasil,BR,Xambioá,1722107,2024,13.538958062719024
BR_21,Brasil,BR,Alcântara,2100204,2018,40.95323077040112
BR_21,Brasil,BR,Amapá do Maranhão,2100550,2019,43.26809877383211
BR_21,Brasil,BR,Amapá do Maranhão,2100550,2020,20.578756034542625
BR_21,Brasil,BR,Amapá do Maranhão,2100550,2023,34.30339940525223
BR_21,Brasil,BR,Açailândia,2100055,2020,13.614275451787956
BR_21,Brasil,BR,Boa Vista do Gurupi,2101970,2020,27.466712698917686
BR_21,Brasil,BR,Bom Jardim,2102002,2020,31.427389893307605
BR_21,Brasil,BR,Bom Jesus das Selvas,2102036,2020,15.35394023411425
BR_21,Brasil,BR,Buriticupu,2102325,2020,37.987709946356944
BR_21,Brasil,BR,Carutapera,2102903,2018,27.43955145825533
BR_21,Brasil,BR,Carutapera,2102903,2022,96.02894981117777
BR_21,Brasil,BR,Carutapera,2102903,2023,150.9080082799303
BR_21,Brasil,BR,Carutapera,2102903,2024,265.11469486637685
BR_21,Brasil,BR,Centro Novo do Maranhão,2103174,2018,610.6624936314938
BR_21,Brasil,BR,Centro Novo do Maranhão,2103174,2019,407.2619750925531
BR_21,Brasil,BR,Centro Novo do Maranhão,2103174,2020,638.4562581842881
BR_21,Brasil,BR,Centro Novo do Maranhão,2103174,2021,301.61013969231624
BR_21,Brasil,BR,Centro Novo do Maranhão,2103174,2022,552.2374143422176
BR_21,Brasil,BR,Centro Novo do Maranhão,2103174,2023,96.14414120017126
BR_21,Brasil,BR,Centro Novo do Maranhão,2103174,2024,185.39012705882598
BR_21,Brasil,BR,Centro do Guilherme,2103158,2018,238.66233861416276
BR_21,Brasil,BR,Centro do Guilherme,2103158,2019,240.2165645932545
BR_21,Brasil,BR,Centro do Guilherme,2103158,2020,597.4365315410871
BR_21,Brasil,BR,Centro do Guilherme,2103158,2021,672.1879244583795
BR_21,Brasil,BR,Centro do Guilherme,2103158,2022,996.1294900880728
BR_21,Brasil,BR,Centro do Guilherme,2103158,2023,145.2007101328537
BR_21,Brasil,BR,Centro do Guilherme,2103158,2024,167.90571825940685
BR_21,Brasil,BR,Cândido Mendes,2102606,2018,433.81247560719277
BR_21,Brasil,BR,Cândido Mendes,2102606,2019,20.56717616811358
BR_21,Brasil,BR,Cândido Mendes,2102606,2020,27.412180480770047
BR_21,Brasil,BR,Cândido Mendes,2102606,2021,82.25346764764134
BR_21,Brasil,BR,Cândido Mendes,2102606,2022,126.75769163792486
BR_21,Brasil,BR,Cândido Mendes,2102606,2023,44.0094312562605
BR_21,Brasil,BR,Cândido Mendes,2102606,2024,51.14853134826284
BR_21,Brasil,BR,Godofredo Viana,2104305,2018,293.30147351331254
BR_21,Brasil,BR,Godofredo Viana,2104305,2019,50.095540619819246
BR_21,Brasil,BR,Godofredo Viana,2104305,2020,49.043441350823706
BR_21,Brasil,BR,Godofredo Viana,2104305,2021,6.854335809916701
BR_21,Brasil,BR,Godofredo Viana,2104305,2022,18.24301918661853
BR_21,Brasil,BR,Godofredo Viana,2104305,2023,157.98804421793332
BR_21,Brasil,BR,Godofredo Viana,2104305,2024,6.854218978128067
BR_21,Brasil,BR,Luís Domingues,2106201,2019,54.85346874391638
BR_21,Brasil,BR,Luís Domingues,2106201,2020,54.84772719328285
BR_21,Brasil,BR,Luís Domingues,2106201,2021,191.97665365636217
BR_21,Brasil,BR,Luís Domingues,2106201,2022,428.31950930828975
BR_21,Brasil,BR,Luís Domingues,2106201,2023,137.13545278369537
BR_21,Brasil,BR,Luís Domingues,2106201,2024,64.12602891795126
BR_21,Brasil,BR,Maracaçumé,2106326,2018,132.50293267356022
BR_21,Brasil,BR,Maracaçumé,2106326,2019,6.86246439972831
BR_21,Brasil,BR,Maracaçumé,2106326,2020,55.95182653424038
BR_21,Brasil,BR,Maracaçumé,2106326,2021,41.16860892863005
BR_21,Brasil,BR,Maracaçumé,2106326,2022,27.447146861838803
BR_21,Brasil,BR,Monção,2106904,2021,54.726712290280474
BR_21,Brasil,BR,Nova Olinda do Maranhão,2107357,2020,27.41349368914602
BR_21,Brasil,BR,Pindaré-Mirim,2108504,2018,75.29243253679888
BR_21,Brasil,BR,Pindaré-Mirim,2108504,2019,6.843790943387072
BR_21,Brasil,BR,Pindaré-Mirim,2108504,2022,20.530934111549826
BR_21,Brasil,BR,Santa Helena,2109809,2022,41.05105406569075
BR_21,Brasil,BR,Santa Helena,2109809,2024,27.40363423469729
BR_21,Brasil,BR,Santa Luzia do Paruá,2110039,2020,54.830412972263076
BR_21,Brasil,BR,Santa Luzia do Paruá,2110039,2023,13.712852248153178
BR_21,Brasil,BR,São Pedro da Água Branca,2111532,2022,40.62543686167145
BR_21,Brasil,BR,Turilândia,2112456,2023,27.399466605366918
BR_21,Brasil,BR,Zé Doca,2114007,2023,27.406424270215812
BR_51,Brasil,BR,Alta Floresta,5100250,2018,1463.9341845007004
BR_51,Brasil,BR,Alta Floresta,5100250,2019,371.0131922977592
BR_51,Brasil,BR,Alta Floresta,5100250,2020,403.7537652666596
BR_51,Brasil,BR,Alta Floresta,5100250,2021,459.3942159530653
BR_51,Brasil,BR,Alta Floresta,5100250,2022,199.6596316424088
BR_51,Brasil,BR,Alta Floresta,5100250,2023,104.30578771765256
BR_51,Brasil,BR,Alta Floresta,5100250,2024,328.5958912565141
BR_51,Brasil,BR,Apiacás,5100805,2018,8756.072725231998
BR_51,Brasil,BR,Apiacás,5100805,2019,2120.3876286643326
BR_51,Brasil,BR,Apiacás,5100805,2020,2035.1397562324762
BR_51,Brasil,BR,Apiacás,5100805,2021,1052.497397249874
BR_51,Brasil,BR,Apiacás,5100805,2022,1196.3869457126698
BR_51,Brasil,BR,Apiacás,5100805,2023,1230.941916281086
BR_51,Brasil,BR,Apiacás,5100805,2024,793.0245674204267
BR_51,Brasil,BR,Aripuanã,5101407,2018,398.3497404493491
BR_51,Brasil,BR,Aripuanã,5101407,2019,347.5041004367905
BR_51,Brasil,BR,Aripuanã,5101407,2020,711.8844438470693
BR_51,Brasil,BR,Aripuanã,5101407,2021,894.7693976634167
BR_51,Brasil,BR,Aripuanã,5101407,2022,532.2604574634246
BR_51,Brasil,BR,Aripuanã,5101407,2023,50.37610238974589
BR_51,Brasil,BR,Aripuanã,5101407,2024,334.3563234400895
BR_51,Brasil,BR,Canarana,5102702,2018,27.48116866255605
BR_51,Brasil,BR,Carlinda,5102793,2018,1566.4004747169345
BR_51,Brasil,BR,Carlinda,5102793,2019,355.2507502904382
BR_51,Brasil,BR,Carlinda,5102793,2020,332.92170072721245
BR_51,Brasil,BR,Carlinda,5102793,2021,594.8993898573708
BR_51,Brasil,BR,Carlinda,5102793,2022,589.237287965774
BR_51,Brasil,BR,Carlinda,5102793,2023,122.42273260205886
BR_51,Brasil,BR,Carlinda,5102793,2024,224.49037044968395
BR_51,Brasil,BR,Castanheira,5102850,2024,68.6884191565703
BR_51,Brasil,BR,Cláudia,5103056,2019,40.702410838089484
BR_51,Brasil,BR,Cláudia,5103056,2022,27.126068869096024
BR_51,Brasil,BR,Cláudia,5103056,2024,90.33491384167148
BR_51,Brasil,BR,Colniza,5103254,2018,1834.5374592875626
BR_51,Brasil,BR,Colniza,5103254,2019,631.3151453995278
BR_51,Brasil,BR,Colniza,5103254,2020,338.42418166894186
BR_51,Brasil,BR,Colniza,5103254,2021,593.1199729245914
BR_51,Brasil,BR,Colniza,5103254,2022,285.7902675101152
BR_51,Brasil,BR,Colniza,5103254,2023,54.428061105876445
BR_51,Brasil,BR,Colniza,5103254,2024,40.752354019693655
BR_51,Brasil,BR,Colíder,5103205,2018,201.30440579927543
BR_51,Brasil,BR,Colíder,5103205,2019,224.14241536610672
BR_51,Brasil,BR,Colíder,5103205,2020,129.0323385913275
BR_51,Brasil,BR,Colíder,5103205,2021,95.16562475574719
BR_51,Brasil,BR,Colíder,5103205,2022,288.0651678922711
BR_51,Brasil,BR,Colíder,5103205,2023,235.47812123708064
BR_51,Brasil,BR,Colíder,5103205,2024,314.7716010987139
BR_51,Brasil,BR,Confresa,5103353,2020,64.79329899417246
BR_51,Brasil,BR,Confresa,5103353,2021,21.596628355677698
BR_51,Brasil,BR,Confresa,5103353,2022,30.182662711084618
BR_51,Brasil,BR,Confresa,5103353,2024,61.633707595357876
BR_51,Brasil,BR,Cotriguaçu,5103379,2018,42.07957059682929
BR_51,Brasil,BR,Cotriguaçu,5103379,2020,13.749546881762042
BR_51,Brasil,BR,Cotriguaçu,5103379,2022,27.488548807001266
BR_51,Brasil,BR,Cotriguaçu,5103379,2024,27.483127737620002
BR_51,Brasil,BR,Feliz Natal,5103700,2020,4.78216197712237
BR_51,Brasil,BR,Guarantã do Norte,5104104,2018,1645.0905936748068
BR_51,Brasil,BR,Guarantã do Norte,5104104,2019,385.0228009324818
BR_51,Brasil,BR,Guarantã do Norte,5104104,2020,176.05536236912025
BR_51,Brasil,BR,Guarantã do Norte,5104104,2021,150.2794114139012
BR_51,Brasil,BR,Guarantã do Norte,5104104,2022,215.14746553811165
BR_51,Brasil,BR,Guarantã do Norte,5104104,2023,70.357332319095
BR_51,Brasil,BR,Guarantã do Norte,5104104,2024,277.5587228670939
BR_51,Brasil,BR,Ipiranga do Norte,5104526,2021,27.249841871421225
BR_51,Brasil,BR,Itaúba,5104559,2018,27.181177170901204
BR_51,Brasil,BR,Jacareacanga,1503754,2018,0.3264272839199691
BR_51,Brasil,BR,Juara,5105101,2018,41.07852741535491
BR_51,Brasil,BR,Juara,5105101,2019,68.48095781212378
BR_51,Brasil,BR,Juara,5105101,2020,45.44143349640974
BR_51,Brasil,BR,Juara,5105101,2021,20.53346142097717
BR_51,Brasil,BR,Juara,5105101,2022,54.75278274987774
BR_51,Brasil,BR,Juruena,5105176,2018,41.21881119302938
BR_51,Brasil,BR,Juruena,5105176,2022,54.9561510153206
BR_51,Brasil,BR,Juruena,5105176,2024,13.73924450970034
BR_51,Brasil,BR,Juína,5105150,2018,2658.316817977984
BR_51,Brasil,BR,Juína,5105150,2019,213.27422635925186
BR_51,Brasil,BR,Juína,5105150,2020,68.83010920192388
BR_51,Brasil,BR,Juína,5105150,2021,138.64106667206684
BR_51,Brasil,BR,Juína,5105150,2022,92.60368869382047
BR_51,Brasil,BR,Juína,5105150,2023,48.13804302263278
BR_51,Brasil,BR,Juína,5105150,2024,96.41764538766424
BR_51,Brasil,BR,Marcelândia,5105580,2024,69.85773904640736
BR_51,Brasil,BR,Matupá,5105606,2018,10440.063294128984
BR_51,Brasil,BR,Matupá,5105606,2019,1754.5185750778405
BR_51,Brasil,BR,Matupá,5105606,2020,1184.1999528126753
BR_51,Brasil,BR,Matupá,5105606,2021,383.1547359053519
BR_51,Brasil,BR,Matupá,5105606,2022,1044.3480831681577
BR_51,Brasil,BR,Matupá,5105606,2023,558.3883452312446
BR_51,Brasil,BR,Matupá,5105606,2024,391.6614358366131
BR_51,Brasil,BR,Nova Bandeirantes,5106158,2018,7567.237381167861
BR_51,Brasil,BR,Nova Bandeirantes,5106158,2019,1091.673740964919
BR_51,Brasil,BR,Nova Bandeirantes,5106158,2020,1563.4981878047395
BR_51,Brasil,BR,Nova Bandeirantes,5106158,2021,1617.4924011522376
BR_51,Brasil,BR,Nova Bandeirantes,5106158,2022,1044.971744271046
BR_51,Brasil,BR,Nova Bandeirantes,5106158,2023,958.504676798761
BR_51,Brasil,BR,Nova Bandeirantes,5106158,2024,375.1509635845604
BR_51,Brasil,BR,Nova Canaã do Norte,5106216,2018,803.1025294728513
BR_51,Brasil,BR,Nova Canaã do Norte,5106216,2019,238.03089067911063
BR_51,Brasil,BR,Nova Canaã do Norte,5106216,2020,319.8127504237401
BR_51,Brasil,BR,Nova Canaã do Norte,5106216,2021,237.64578638627802
BR_51,Brasil,BR,Nova Canaã do Norte,5106216,2022,323.3248341628941
BR_51,Brasil,BR,Nova Canaã do Norte,5106216,2023,98.80271462961966
BR_51,Brasil,BR,Nova Canaã do Norte,5106216,2024,217.63139823959824
BR_51,Brasil,BR,Nova Guarita,5108808,2018,5736.993601123173
BR_51,Brasil,BR,Nova Guarita,5108808,2019,458.35655906706177
BR_51,Brasil,BR,Nova Guarita,5108808,2020,516.4048624226382
BR_51,Brasil,BR,Nova Guarita,5108808,2021,404.13714301512755
BR_51,Brasil,BR,Nova Guarita,5108808,2022,242.10390607939397
BR_51,Brasil,BR,Nova Guarita,5108808,2023,169.69355240436292
BR_51,Brasil,BR,Nova Guarita,5108808,2024,202.53781116118788
BR_51,Brasil,BR,Nova Maringá,5108907,2020,40.98648399021032
BR_51,Brasil,BR,Nova Maringá,5108907,2021,27.306508450713117
BR_51,Brasil,BR,Nova Maringá,5108907,2022,27.3354352572368
BR_51,Brasil,BR,Nova Santa Helena,5106190,2018,871.277706475619
BR_51,Brasil,BR,Nova Santa Helena,5106190,2019,282.2579801419594
BR_51,Brasil,BR,Nova Santa Helena,5106190,2020,256.0871797237042
BR_51,Brasil,BR,Nova Santa Helena,5106190,2021,67.09652030445154
BR_51,Brasil,BR,Nova Santa Helena,5106190,2022,180.5692646028034
BR_51,Brasil,BR,Nova Santa Helena,5106190,2023,197.81086500341155
BR_51,Brasil,BR,Nova Santa Helena,5106190,2024,285.28300977485407
BR_51,Brasil,BR,Novo Horizonte do Norte,5106273,2018,41.00620745232575
BR_51,Brasil,BR,Novo Mundo,5106265,2018,12386.363674844039
BR_51,Brasil,BR,Novo Mundo,5106265,2019,1908.7049639579088
BR_51,Brasil,BR,Novo Mundo,5106265,2020,1698.172095575596
BR_51,Brasil,BR,Novo Mundo,5106265,2021,1466.8268673164587
BR_51,Brasil,BR,Novo Mundo,5106265,2022,1689.319634296372
BR_51,Brasil,BR,Novo Mundo,5106265,2023,660.3402857556198
BR_51,Brasil,BR,Novo Mundo,5106265,2024,729.6088803696358
BR_51,Brasil,BR,Paranatinga,5106307,2019,27.062243707212083
BR_51,Brasil,BR,Paranaíta,5106299,2018,6228.027933663816
BR_51,Brasil,BR,Paranaíta,5106299,2019,1597.8507920355771
BR_51,Brasil,BR,Paranaíta,5106299,2020,1139.7066994286588
BR_51,Brasil,BR,Paranaíta,5106299,2021,846.396189520852
BR_51,Brasil,BR,Paranaíta,5106299,2022,630.7728309087183
BR_51,Brasil,BR,Paranaíta,5106299,2023,462.00025115933664
BR_51,Brasil,BR,Paranaíta,5106299,2024,532.6583609470963
BR_51,Brasil,BR,Peixoto de Azevedo,5106422,2018,16050.962311304673
BR_51,Brasil,BR,Peixoto de Azevedo,5106422,2019,1960.236264477861
BR_51,Brasil,BR,Peixoto de Azevedo,5106422,2020,1357.88050544942
BR_51,Brasil,BR,Peixoto de Azevedo,5106422,2021,1224.9528014934815
BR_51,Brasil,BR,Peixoto de Azevedo,5106422,2022,1639.5971829600537
BR_51,Brasil,BR,Peixoto de Azevedo,5106422,2023,600.5298489231686
BR_51,Brasil,BR,Peixoto de Azevedo,5106422,2024,555.4141503933351
BR_51,Brasil,BR,Porto Alegre do Norte,5106778,2022,41.08906715136188
BR_51,Brasil,BR,Porto Alegre do Norte,5106778,2024,41.08710056609887
BR_51,Brasil,BR,Porto dos Gaúchos,5106802,2018,27.36804898555475
BR_51,Brasil,BR,Porto dos Gaúchos,5106802,2020,54.529520047038574
BR_51,Brasil,BR,Querência,5107065,2018,27.49642434197519
BR_51,Brasil,BR,Querência,5107065,2020,96.23733414050909
BR_51,Brasil,BR,Querência,5107065,2023,54.88295394513863
BR_51,Brasil,BR,Rondolândia,5107578,2018,192.11158679463483
BR_51,Brasil,BR,Rondolândia,5107578,2020,20.35789932792632
BR_51,Brasil,BR,Rondolândia,5107578,2021,7.829644202227765
BR_51,Brasil,BR,Rondolândia,5107578,2022,98.0750887235387
BR_51,Brasil,BR,Rondolândia,5107578,2023,33.92510898194137
BR_51,Brasil,BR,Rondolândia,5107578,2024,245.17312956756786
BR_51,Brasil,BR,Santa Carmem,5107248,2018,27.172739646744496
BR_51,Brasil,BR,Sinop,5107909,2018,163.16709472280144
BR_51,Brasil,BR,Sinop,5107909,2020,57.71599642213084
BR_51,Brasil,BR,Sinop,5107909,2021,61.170559633340645
BR_51,Brasil,BR,Sinop,5107909,2022,40.778833538015434
BR_51,Brasil,BR,Sinop,5107909,2024,122.33541684601286
BR_51,Brasil,BR,Sorriso,5107925,2018,118.47672062505022
BR_51,Brasil,BR,Sorriso,5107925,2020,27.199789388722206
BR_51,Brasil,BR,Sorriso,5107925,2021,27.19351293237781
BR_51,Brasil,BR,Sorriso,5107925,2024,40.80125700388672
BR_51,Brasil,BR,São José do Xingu,5107354,2019,27.506007708382967
BR_51,Brasil,BR,São José do Xingu,5107354,2020,20.626682311864126
BR_51,Brasil,BR,São José do Xingu,5107354,2021,6.874197424408504
BR_51,Brasil,BR,Tabaporã,5107941,2019,27.32025020887689
BR_51,Brasil,BR,Tapurah,5108006,2018,54.55968607806519
BR_51,Brasil,BR,Terra Nova do Norte,5108055,2018,7945.218847174939
BR_51,Brasil,BR,Terra Nova do Norte,5108055,2019,1637.1449334491203
BR_51,Brasil,BR,Terra Nova do Norte,5108055,2020,1630.3952294481307
BR_51,Brasil,BR,Terra Nova do Norte,5108055,2021,1245.3519965846388
BR_51,Brasil,BR,Terra Nova do Norte,5108055,2022,1401.3751490393117
BR_51,Brasil,BR,Terra Nova do Norte,5108055,2023,416.20226862514323
BR_51,Brasil,BR,Terra Nova do Norte,5108055,2024,578.590037971174
BR_51,Brasil,BR,Vera,5108501,2018,20.63723558398799
BR_51,Brasil,BR,Vera,5108501,2020,39.40065105660464
BR_51,Brasil,BR,Vera,5108501,2024,54.339812479291204
BR_51,Brasil,BR,Vila Rica,5108600,2022,24.622241988030606
CO_18,Colombia,CO,Caquetá,18,2020,27.39370719170836
CO_18,Colombia,CO,Caquetá,18,2022,27.100503546061653
CO_18,Colombia,CO,Caquetá,18,2023,88.99107261544712
CO_19,Colombia,CO,Cauca,19,2018,27.480884557355747
CO_19,Colombia,CO,Cauca,19,2021,27.467663684491605
CO_50,Colombia,CO,Meta,50,2021,40.86899093327959
CO_86,Colombia,CO,Putumayo,86,2018,264.61539776854715
CO_86,Colombia,CO,Putumayo,86,2019,27.490100785404096
CO_86,Colombia,CO,Putumayo,86,2020,27.486259386311414
CO_86,Colombia,CO,Putumayo,86,2022,82.51839964509752
CO_86,Colombia,CO,Putumayo,86,2023,20.61664189065537
CO_86,Colombia,CO,Putumayo,86,2024,27.489266842753217
CO_94,Colombia,CO,Guainía,94,2018,232.08101451438085
CO_94,Colombia,CO,Guainía,94,2019,2.0945675293104755
CO_94,Colombia,CO,Guainía,94,2020,68.08538000041989
CO_94,Colombia,CO,Guainía,94,2021,61.320568997739485
CO_94,Colombia,CO,Guainía,94,2022,165.43615734080885
CO_94,Colombia,CO,Guainía,94,2023,14.67212724848774
CO_94,Colombia,CO,Guainía,94,2024,175.23441756193313
CO_97,Colombia,CO,Vaupés,97,2018,41.28633616915901
CO_99,Colombia,CO,Vichada,99,2021,27.293565975912347
EC_14,Ecuador,EC,GUALAQUIZA,1402,2022,130.74634985462188
EC_14,Ecuador,EC,GUALAQUIZA,1402,2023,116.1692720314927
EC_14,Ecuador,EC,LIMÓN INDANZA,1403,2018,27.07375779936247
EC_14,Ecuador,EC,LIMÓN INDANZA,1403,2019,27.075171364104165
EC_14,Ecuador,EC,LIMÓN INDANZA,1403,2023,47.38476687683905
EC_14,Ecuador,EC,SAN JUAN BOSCO,1408,2019,29.170619501299957
EC_14,Ecuador,EC,SAN JUAN BOSCO,1408,2021,20.309277821297158
EC_14,Ecuador,EC,SAN JUAN BOSCO,1408,2022,109.39772681852942
EC_14,Ecuador,EC,SAN JUAN BOSCO,1408,2023,54.16994185424497
EC_14,Ecuador,EC,SANTIAGO,1405,2019,27.067195587842434
EC_14,Ecuador,EC,SANTIAGO,1405,2020,42.6781279372992
EC_14,Ecuador,EC,SANTIAGO,1405,2022,13.534159087295368
EC_15,Ecuador,EC,ARCHIDONA,1503,2019,82.82908499684225
EC_15,Ecuador,EC,CARLOS JULIO AROSEMENA TOLA,1509,2018,27.627410954478524
EC_15,Ecuador,EC,CARLOS JULIO AROSEMENA TOLA,1509,2019,103.61277187747443
EC_15,Ecuador,EC,CARLOS JULIO AROSEMENA TOLA,1509,2020,48.354651997018216
EC_15,Ecuador,EC,CARLOS JULIO AROSEMENA TOLA,1509,2021,55.26115217850125
EC_15,Ecuador,EC,CARLOS JULIO AROSEMENA TOLA,1509,2022,20.7259878607724
EC_15,Ecuador,EC,CARLOS JULIO AROSEMENA TOLA,1509,2023,186.53196046392895
EC_15,Ecuador,EC,CARLOS JULIO AROSEMENA TOLA,1509,2024,138.15674619542966
EC_15,Ecuador,EC,EL CHACO,1504,2021,27.601209999042474
EC_15,Ecuador,EC,EL CHACO,1504,2023,168.16787456128327
EC_15,Ecuador,EC,TENA,1501,2022,82.81820418011502
EC_15,Ecuador,EC,TENA,1501,2023,82.78493687447481
EC_15,Ecuador,EC,TENA,1501,2024,27.627201113135715
EC_16,Ecuador,EC,MERA,1602,2023,27.042412022495824
EC_16,Ecuador,EC,PASTAZA,1601,2019,29.75781091402044
EC_16,Ecuador,EC,PASTAZA,1601,2021,41.44374751673051
EC_16,Ecuador,EC,PASTAZA,1601,2022,27.623267768577314
EC_16,Ecuador,EC,PASTAZA,1601,2024,1.0643345217514917
EC_19,Ecuador,EC,CENTINELA DEL CÓNDOR,1907,2023,40.66500234910639
EC_19,Ecuador,EC,EL PANGUI,1906,2018,307.8359628803623
EC_19,Ecuador,EC,EL PANGUI,1906,2019,44.56374243341304
EC_19,Ecuador,EC,EL PANGUI,1906,2021,83.37137673922507
EC_19,Ecuador,EC,EL PANGUI,1906,2022,334.32506264723963
EC_19,Ecuador,EC,EL PANGUI,1906,2023,280.79876751570754
EC_19,Ecuador,EC,EL PANGUI,1906,2024,297.9597721341534
EC_19,Ecuador,EC,NANGARITZA,1903,2018,110.07712099551937
EC_19,Ecuador,EC,NANGARITZA,1903,2019,163.2005564404062
EC_19,Ecuador,EC,NANGARITZA,1903,2020,176.20353290122296
EC_19,Ecuador,EC,NANGARITZA,1903,2021,545.2460886051412
EC_19,Ecuador,EC,NANGARITZA,1903,2022,741.2384936082038
EC_19,Ecuador,EC,NANGARITZA,1903,2023,471.9272316780881
EC_19,Ecuador,EC,NANGARITZA,1903,2024,315.52247926025007
EC_19,Ecuador,EC,PALANDA,1908,2023,27.13659070602153
EC_19,Ecuador,EC,PAQUISHA,1909,2018,135.17455038863145
EC_19,Ecuador,EC,PAQUISHA,1909,2019,44.25167084107824
EC_19,Ecuador,EC,PAQUISHA,1909,2020,27.104911217792594
EC_19,Ecuador,EC,PAQUISHA,1909,2021,27.097774799299135
EC_19,Ecuador,EC,PAQUISHA,1909,2022,158.61300041273765
EC_19,Ecuador,EC,PAQUISHA,1909,2023,97.77440190394996
EC_19,Ecuador,EC,PAQUISHA,1909,2024,24.16029639154295
EC_19,Ecuador,EC,YACUAMBI,1904,2019,40.691758934709654
EC_19,Ecuador,EC,YACUAMBI,1904,2022,54.254427467442866
EC_19,Ecuador,EC,YACUAMBI,1904,2023,13.563803716930453
EC_19,Ecuador,EC,YANTZAZA,1905,2018,223.52202304768875
EC_19,Ecuador,EC,YANTZAZA,1905,2019,233.12011823569284
EC_19,Ecuador,EC,YANTZAZA,1905,2020,88.04378306044141
EC_19,Ecuador,EC,YANTZAZA,1905,2021,33.86358713295229
EC_19,Ecuador,EC,YANTZAZA,1905,2022,46.01231835015738
EC_19,Ecuador,EC,YANTZAZA,1905,2023,142.2324878934644
EC_19,Ecuador,EC,YANTZAZA,1905,2024,76.59186050702087
EC_19,Ecuador,EC,ZAMORA,1901,2019,27.12282068134716
EC_19,Ecuador,EC,ZAMORA,1901,2020,13.564350949491491
EC_19,Ecuador,EC,ZAMORA,1901,2022,128.86093847888782
EC_19,Ecuador,EC,ZAMORA,1901,2023,162.74968763368784
EC_21,Ecuador,EC,CASCALES,2106,2020,27.569397197835862
EC_21,Ecuador,EC,CASCALES,2106,2022,111.9193818952428
EC_21,Ecuador,EC,CASCALES,2106,2023,41.349019111494435
EC_21,Ecuador,EC,CASCALES,2106,2024,13.782072248609714
EC_21,Ecuador,EC,LAGO AGRIO,2101,2022,39.6820957904695
EC_21,Ecuador,EC,LAGO AGRIO,2101,2023,41.32649716777105
EC_22,Ecuador,EC,EL CHACO,1504,2023,1.6847321951027858e-11
EC_22,Ecuador,EC,FRANCISCO DE ORELLANA,2201,2023,481.87063756962516
EC_22,Ecuador,EC,FRANCISCO DE ORELLANA,2201,2024,344.5640091204496
GF_GF1,Guyana_Francesa,GF,Camopi,GF1356,2018,304.94920337836436
GF_GF1,Guyana_Francesa,GF,Camopi,GF1356,2019,55.042772231111584
GF_GF1,Guyana_Francesa,GF,Camopi,GF1356,2020,82.52590497322012
GF_GF1,Guyana_Francesa,GF,Camopi,GF1356,2021,41.28498117754715
GF_GF1,Guyana_Francesa,GF,Camopi,GF1356,2022,144.540596555438
GF_GF1,Guyana_Francesa,GF,Camopi,GF1356,2023,96.33929573754179
GF_GF1,Guyana_Francesa,GF,Camopi,GF1356,2024,82.57341747675159
GF_GF1,Guyana_Francesa,GF,Iracoubo,GF1303,2018,27.590180755410007
GF_GF1,Guyana_Francesa,GF,Kourou,GF1304,2018,119.11705072079215
GF_GF1,Guyana_Francesa,GF,Kourou,GF1304,2019,110.12233453926488
GF_GF1,Guyana_Francesa,GF,Kourou,GF1304,2021,55.031019911957124
GF_GF1,Guyana_Francesa,GF,Kourou,GF1304,2022,100.66186964582101
GF_GF1,Guyana_Francesa,GF,Kourou,GF1304,2023,82.56184415491937
GF_GF1,Guyana_Francesa,GF,Kourou,GF1304,2024,234.94388852690574
GF_GF1,Guyana_Francesa,GF,Macouria,GF1305,2022,11.501272284056174
GF_GF1,Guyana_Francesa,GF,Montsinéry-Tonnegrande,GF1313,2018,61.28544593266181
GF_GF1,Guyana_Francesa,GF,Montsinéry-Tonnegrande,GF1313,2019,40.44022130945227
GF_GF1,Guyana_Francesa,GF,Montsinéry-Tonnegrande,GF1313,2021,6.8724146815564495
GF_GF1,Guyana_Francesa,GF,Roura,GF1310,2018,2126.273365480436
GF_GF1,Guyana_Francesa,GF,Roura,GF1310,2019,576.5007992114066
GF_GF1,Guyana_Francesa,GF,Roura,GF1310,2020,755.4898249682418
GF_GF1,Guyana_Francesa,GF,Roura,GF1310,2021,371.1636213184179
GF_GF1,Guyana_Francesa,GF,Roura,GF1310,2022,96.23903854604175
GF_GF1,Guyana_Francesa,GF,Roura,GF1310,2023,233.77153257861045
GF_GF1,Guyana_Francesa,GF,Roura,GF1310,2024,325.2819121187993
GF_GF1,Guyana_Francesa,GF,Régina,GF1301,2018,896.9768734448085
GF_GF1,Guyana_Francesa,GF,Régina,GF1301,2019,143.29468029375406
GF_GF1,Guyana_Francesa,GF,Régina,GF1301,2020,109.9509274551283
GF_GF1,Guyana_Francesa,GF,Régina,GF1301,2021,116.89679105205921
GF_GF1,Guyana_Francesa,GF,Régina,GF1301,2022,89.33470646582248
GF_GF1,Guyana_Francesa,GF,Régina,GF1301,2023,130.59225044488818
GF_GF1,Guyana_Francesa,GF,Régina,GF1301,2024,20.634526957339766
GF_GF1,Guyana_Francesa,GF,Saint-Élie,GF1358,2018,2410.5822693529512
GF_GF1,Guyana_Francesa,GF,Saint-Élie,GF1358,2019,158.4772076455644
GF_GF1,Guyana_Francesa,GF,Saint-Élie,GF1358,2020,94.87990810299853
GF_GF1,Guyana_Francesa,GF,Saint-Élie,GF1358,2021,13.786034912446933
GF_GF1,Guyana_Francesa,GF,Saint-Élie,GF1358,2022,141.03288614050203
GF_GF1,Guyana_Francesa,GF,Saint-Élie,GF1358,2023,28.62576420331328
GF_GF1,Guyana_Francesa,GF,Sinnamary,GF1312,2018,27.54396443564495
GF_GF2,Guyana_Francesa,GF,Apatou,GF2360,2018,596.9959940137192
GF_GF2,Guyana_Francesa,GF,Apatou,GF2360,2019,115.58731049027023
GF_GF2,Guyana_Francesa,GF,Apatou,GF2360,2021,13.533089627788105
GF_GF2,Guyana_Francesa,GF,Apatou,GF2360,2022,88.13420843386531
GF_GF2,Guyana_Francesa,GF,Apatou,GF2360,2023,155.70084415415604
GF_GF2,Guyana_Francesa,GF,Apatou,GF2360,2024,94.75799586849324
GF_GF2,Guyana_Francesa,GF,Grand-Santi,GF2357,2018,4919.1278808627885
GF_GF2,Guyana_Francesa,GF,Grand-Santi,GF2357,2019,630.3980938948637
GF_GF2,Guyana_Francesa,GF,Grand-Santi,GF2357,2020,452.70202790386696
GF_GF2,Guyana_Francesa,GF,Grand-Santi,GF2357,2021,458.47705276707467
GF_GF2,Guyana_Francesa,GF,Grand-Santi,GF2357,2022,251.3550558266992
GF_GF2,Guyana_Francesa,GF,Grand-Santi,GF2357,2023,159.1266027443408
GF_GF2,Guyana_Francesa,GF,Grand-Santi,GF2357,2024,142.12381115483157
GF_GF2,Guyana_Francesa,GF,Mana,GF2306,2018,838.940329326948
GF_GF2,Guyana_Francesa,GF,Mana,GF2306,2019,388.51678359747234
GF_GF2,Guyana_Francesa,GF,Mana,GF2306,2020,328.55867000481214
GF_GF2,Guyana_Francesa,GF,Mana,GF2306,2021,160.81244552970676
GF_GF2,Guyana_Francesa,GF,Mana,GF2306,2022,344.9906284974919
GF_GF2,Guyana_Francesa,GF,Mana,GF2306,2023,340.20502605512695
GF_GF2,Guyana_Francesa,GF,Mana,GF2306,2024,269.0328314509787
GF_GF2,Guyana_Francesa,GF,Maripasoula,GF2353,2018,2025.8236747807093
GF_GF2,Guyana_Francesa,GF,Maripasoula,GF2353,2019,302.171719131342
GF_GF2,Guyana_Francesa,GF,Maripasoula,GF2353,2020,288.4216962865808
GF_GF2,Guyana_Francesa,GF,Maripasoula,GF2353,2021,238.02125824419568
GF_GF2,Guyana_Francesa,GF,Maripasoula,GF2353,2022,609.9313318005475
GF_GF2,Guyana_Francesa,GF,Maripasoula,GF2353,2023,337.9663926233919
GF_GF2,Guyana_Francesa,GF,Maripasoula,GF2353,2024,396.568891008755
GF_GF2,Guyana_Francesa,GF,Papaïchton,GF2362,2018,830.5656882863194
GF_GF2,Guyana_Francesa,GF,Papaïchton,GF2362,2019,158.69118293513412
GF_GF2,Guyana_Francesa,GF,Papaïchton,GF2362,2020,187.9361558363008
GF_GF2,Guyana_Francesa,GF,Papaïchton,GF2362,2021,146.92292748541024
GF_GF2,Guyana_Francesa,GF,Papaïchton,GF2362,2022,202.96718281635935
GF_GF2,Guyana_Francesa,GF,Papaïchton,GF2362,2023,81.18992913766738
GF_GF2,Guyana_Francesa,GF,Papaïchton,GF2362,2024,67.64676015591772
GF_GF2,Guyana_Francesa,GF,Saint-Laurent-du-Maroni,GF2311,2018,3181.4660145834428
GF_GF2,Guyana_Francesa,GF,Saint-Laurent-du-Maroni,GF2311,2019,832.256025041455
GF_GF2,Guyana_Francesa,GF,Saint-Laurent-du-Maroni,GF2311,2020,624.3238363792067
GF_GF2,Guyana_Francesa,GF,Saint-Laurent-du-Maroni,GF2311,2021,309.4581659447182
GF_GF2,Guyana_Francesa,GF,Saint-Laurent-du-Maroni,GF2311,2022,1064.0832253918832
GF_GF2,Guyana_Francesa,GF,Saint-Laurent-du-Maroni,GF2311,2023,1427.0415814913417
GF_GF2,Guyana_Francesa,GF,Saint-Laurent-du-Maroni,GF2311,2024,933.0352045633891
GF_GF2,Guyana_Francesa,GF,Saül,GF2352,2018,904.8168309275442
GF_GF2,Guyana_Francesa,GF,Saül,GF2352,2019,276.8390593792435
GF_GF2,Guyana_Francesa,GF,Saül,GF2352,2020,81.159692927849
GF_GF2,Guyana_Francesa,GF,Saül,GF2352,2021,110.35778172629843
GF_GF2,Guyana_Francesa,GF,Saül,GF2352,2022,131.006250661627
GY_GY01,Guyana,GY,Barima-Waini,GY01,2018,21344.12078949121
GY_GY01,Guyana,GY,Barima-Waini,GY01,2019,6259.224596624251
GY_GY01,Guyana,GY,Barima-Waini,GY01,2020,5190.10247012172
GY_GY01,Guyana,GY,Barima-Waini,GY01,2021,3846.775009960512
GY_GY01,Guyana,GY,Barima-Waini,GY01,2022,4459.464238413894
GY_GY01,Guyana,GY,Barima-Waini,GY01,2023,5384.587141863283
GY_GY01,Guyana,GY,Barima-Waini,GY01,2024,4589.606242799019
GY_GY01,Guyana,GY,Cuyuni-Mazaruni,GY07,2018,0.0
GY_GY01,Guyana,GY,Cuyuni-Mazaruni,GY07,2019,0.0
GY_GY01,Guyana,GY,Cuyuni-Mazaruni,GY07,2022,0.0
GY_GY01,Guyana,GY,Cuyuni-Mazaruni,GY07,2023,0.0
GY_GY02,Guyana,GY,Pomeroon-Supenaam,GY02,2021,109.93959666996474
GY_GY02,Guyana,GY,Pomeroon-Supenaam,GY02,2023,13.742863041488105
GY_GY03,Guyana,GY,Cuyuni-Mazaruni,GY07,2021,0.0
GY_GY03,Guyana,GY,Essequibo Islands-West Demerara,GY03,2018,1713.7301239215976
GY_GY03,Guyana,GY,Essequibo Islands-West Demerara,GY03,2019,408.15758369690644
GY_GY03,Guyana,GY,Essequibo Islands-West Demerara,GY03,2020,470.71143342294744
GY_GY03,Guyana,GY,Essequibo Islands-West Demerara,GY03,2021,198.0943348766846
GY_GY03,Guyana,GY,Essequibo Islands-West Demerara,GY03,2022,326.1187719307267
GY_GY03,Guyana,GY,Essequibo Islands-West Demerara,GY03,2023,414.61839545475215
GY_GY03,Guyana,GY,Essequibo Islands-West Demerara,GY03,2024,217.40540712612545
GY_GY04,Guyana,GY,Demerara-Mahaica,GY04,2018,41.190767485108346
GY_GY04,Guyana,GY,Demerara-Mahaica,GY04,2019,43.30363198527119
GY_GY04,Guyana,GY,Demerara-Mahaica,GY04,2020,62.84682508958401
GY_GY04,Guyana,GY,Demerara-Mahaica,GY04,2021,179.54332738410906
GY_GY04,Guyana,GY,Demerara-Mahaica,GY04,2022,322.6426293603953
GY_GY04,Guyana,GY,Demerara-Mahaica,GY04,2024,54.92033633331523
GY_GY06,Guyana,GY,East Berbice-Corentyne,GY06,2022,27.362107213740284
GY_GY07,Guyana,GY,Barima-Waini,GY01,2018,9.734940249472856e-11
GY_GY07,Guyana,GY,Cuyuni-Mazaruni,GY07,2018,106439.10292289648
GY_GY07,Guyana,GY,Cuyuni-Mazaruni,GY07,2019,20896.74338928606
GY_GY07,Guyana,GY,Cuyuni-Mazaruni,GY07,2020,16448.1134340135
GY_GY07,Guyana,GY,Cuyuni-Mazaruni,GY07,2021,11604.797776976427
GY_GY07,Guyana,GY,Cuyuni-Mazaruni,GY07,2022,16200.359159129315
GY_GY07,Guyana,GY,Cuyuni-Mazaruni,GY07,2023,21172.662070268056
GY_GY07,Guyana,GY,Cuyuni-Mazaruni,GY07,2024,13138.829974561837
GY_GY07,Guyana,GY,Essequibo Islands-West Demerara,GY03,2018,1.7764250515028835e-12
GY_GY07,Guyana,GY,Essequibo Islands-West Demerara,GY03,2021,0.0
GY_GY07,Guyana,GY,Essequibo Islands-West Demerara,GY03,2022,0.0
GY_GY07,Guyana,GY,Essequibo Islands-West Demerara,GY03,2023,0.0
GY_GY07,Guyana,GY,Essequibo Islands-West Demerara,GY03,2024,0.0
GY_GY07,Guyana,GY,Potaro-Siparuni,GY08,2018,0.0
GY_GY07,Guyana,GY,Potaro-Siparuni,GY08,2024,0.0
GY_GY07,Guyana,GY,Upper Demerara-Berbice,GY10,2022,0.0
GY_GY08,Guyana,GY,Cuyuni-Mazaruni,GY07,2018,0.0
GY_GY08,Guyana,GY,Potaro-Siparuni,GY08,2018,21511.132248849928
GY_GY08,Guyana,GY,Potaro-Siparuni,GY08,2019,3534.917444709425
GY_GY08,Guyana,GY,Potaro-Siparuni,GY08,2020,3740.8634176579985
GY_GY08,Guyana,GY,Potaro-Siparuni,GY08,2021,1818.723824514776
GY_GY08,Guyana,GY,Potaro-Siparuni,GY08,2022,3296.4420745782395
GY_GY08,Guyana,GY,Potaro-Siparuni,GY08,2023,4583.973999581882
GY_GY08,Guyana,GY,Potaro-Siparuni,GY08,2024,1147.8069432559394
GY_GY08,Guyana,GY,Upper Demerara-Berbice,GY10,2018,0.18521080309251992
GY_GY08,Guyana,GY,Upper Demerara-Berbice,GY10,2019,0.0
GY_GY08,Guyana,GY,Upper Demerara-Berbice,GY10,2020,1.2942296513740583
GY_GY08,Guyana,GY,Upper Demerara-Berbice,GY10,2023,1.3841443366754698
GY_GY09,Guyana,GY,Upper Takutu-Upper Essequibo,GY09,2018,2324.610913478112
GY_GY09,Guyana,GY,Upper Takutu-Upper Essequibo,GY09,2019,442.8708935079152
GY_GY09,Guyana,GY,Upper Takutu-Upper Essequibo,GY09,2020,132.0454467370248
GY_GY09,Guyana,GY,Upper Takutu-Upper Essequibo,GY09,2021,41.40868321322165
GY_GY09,Guyana,GY,Upper Takutu-Upper Essequibo,GY09,2022,62.01519049349941
GY_GY09,Guyana,GY,Upper Takutu-Upper Essequibo,GY09,2023,151.58388739151525
GY_GY09,Guyana,GY,Upper Takutu-Upper Essequibo,GY09,2024,110.23390628531595
GY_GY10,Guyana,GY,Cuyuni-Mazaruni,GY07,2018,0.0
GY_GY10,Guyana,GY,Potaro-Siparuni,GY08,2018,0.1852108031038401
GY_GY10,Guyana,GY,Potaro-Siparuni,GY08,2020,1.2942296513740588
GY_GY10,Guyana,GY,Potaro-Siparuni,GY08,2023,1.3841443366941832
GY_GY10,Guyana,GY,Upper Demerara-Berbice,GY10,2018,8200.513473839002
GY_GY10,Guyana,GY,Upper Demerara-Berbice,GY10,2019,1129.986400342673
GY_GY10,Guyana,GY,Upper Demerara-Berbice,GY10,2020,1001.9964090196205
GY_GY10,Guyana,GY,Upper Demerara-Berbice,GY10,2021,726.0803263043704
GY_GY10,Guyana,GY,Upper Demerara-Berbice,GY10,2022,1174.547915708712
GY_GY10,Guyana,GY,Upper Demerara-Berbice,GY10,2023,1997.8760037867805
GY_GY10,Guyana,GY,Upper Demerara-Berbice,GY10,2024,629.5173766691947
PE_01,Peru,PE,CONDORCANQUI,0104,2020,27.623727035098803
PE_01,Peru,PE,LUYA,0105,2018,2.4224528590230934
PE_01,Peru,PE,RODRIGUEZ DE MENDOZA,0106,2022,29.703567505992268
PE_01,Peru,PE,UTCUBAMBA,0107,2018,38.16265348799954
PE_06,Peru,PE,SAN IGNACIO,0609,2019,74.63589728811124
PE_06,Peru,PE,SAN IGNACIO,0609,2020,13.568985826852458
PE_06,Peru,PE,SAN IGNACIO,0609,2024,98.0418676103517
PE_08,Peru,PE,LA CONVENCION,0809,2018,27.147621355226228
PE_08,Peru,PE,LA CONVENCION,0809,2021,67.80857281463977
PE_08,Peru,PE,LA CONVENCION,0809,2024,199.3736815336382
PE_08,Peru,PE,MANU,1702,2024,0.11788622584497443
PE_08,Peru,PE,QUISPICANCHI,0812,2018,27.49481786485528
PE_08,Peru,PE,QUISPICANCHI,0812,2019,75.61467622352265
PE_08,Peru,PE,QUISPICANCHI,0812,2022,27.491951558927376
PE_10,Peru,PE,MARAÑON,1007,2021,89.27668758400476
PE_10,Peru,PE,PUERTO INCA,1009,2021,40.98743887739321
PE_10,Peru,PE,PUERTO INCA,1009,2022,40.98928653191385
PE_10,Peru,PE,PUERTO INCA,1009,2023,40.99108974750904
PE_10,Peru,PE,PUERTO INCA,1009,2024,54.6371435756197
PE_12,Peru,PE,SATIPO,1206,2021,27.264924135767117
PE_16,Peru,PE,ALTO AMAZONAS,1602,2019,27.505405683212366
PE_16,Peru,PE,ALTO AMAZONAS,1602,2022,27.511002504978993
PE_16,Peru,PE,DATEM DEL MARAÑON,1607,2022,27.607289656398063
PE_16,Peru,PE,LORETO,1603,2022,27.195046015937155
PE_16,Peru,PE,LORETO,1603,2023,27.461644229552046
PE_16,Peru,PE,MAYNAS,1601,2018,72.14101663488354
PE_16,Peru,PE,MAYNAS,1601,2019,123.33997168868424
PE_16,Peru,PE,MAYNAS,1601,2020,115.47516330892613
PE_16,Peru,PE,MAYNAS,1601,2021,27.17747617119361
PE_16,Peru,PE,MAYNAS,1601,2024,27.179532849656454
PE_16,Peru,PE,REQUENA,1605,2018,27.224244260497038
PE_16,Peru,PE,REQUENA,1605,2022,200.97488713297597
PE_16,Peru,PE,REQUENA,1605,2023,81.90552098868594
PE_16,Peru,PE,REQUENA,1605,2024,56.69036401710106
PE_16,Peru,PE,UCAYALI,1606,2019,187.0177460885418
PE_16,Peru,PE,UCAYALI,1606,2022,574.0807648023165
PE_16,Peru,PE,UCAYALI,1606,2023,20.472587998348924
PE_17,Peru,PE,LA CONVENCION,0809,2024,0.11788622584749357
PE_17,Peru,PE,MANU,1702,2018,45510.15762824444
PE_17,Peru,PE,MANU,1702,2019,3838.6428364361464
PE_17,Peru,PE,MANU,1702,2020,3150.0595874780224
PE_17,Peru,PE,MANU,1702,2021,6150.526907725741
PE_17,Peru,PE,MANU,1702,2022,4614.807858600997
PE_17,Peru,PE,MANU,1702,2023,4545.640074108677
PE_17,Peru,PE,MANU,1702,2024,2827.4789370837602
PE_17,Peru,PE,TAMBOPATA,1701,2018,39209.53554947866
PE_17,Peru,PE,TAMBOPATA,1701,2019,4664.561061068512
PE_17,Peru,PE,TAMBOPATA,1701,2020,4130.680822642616
PE_17,Peru,PE,TAMBOPATA,1701,2021,5901.0101732681005
PE_17,Peru,PE,TAMBOPATA,1701,2022,5511.308157258456
PE_17,Peru,PE,TAMBOPATA,1701,2023,6272.61355652789
PE_17,Peru,PE,TAMBOPATA,1701,2024,2655.368530690682
PE_19,Peru,PE,OXAPAMPA,1903,2023,145.79417112018373
PE_21,Peru,PE,CARABAYA,2103,2021,27.44347941234838
PE_21,Peru,PE,SANDIA,2112,2018,297.0666275225089
PE_21,Peru,PE,SANDIA,2112,2023,27.350147677418608
PE_22,Peru,PE,BELLAVISTA,2202,2024,29.54667740078702
PE_22,Peru,PE,LAMAS,2205,2018,68.70584418629387
PE_22,Peru,PE,LAMAS,2205,2019,27.470662410981294
PE_22,Peru,PE,MARISCAL CACERES,2206,2018,27.533915504592137
PE_22,Peru,PE,MARISCAL CACERES,2206,2019,68.78715871859785
PE_22,Peru,PE,MARISCAL CACERES,2206,2020,41.27032767805599
PE_22,Peru,PE,MOYOBAMBA,2201,2020,27.536665248645974
PE_22,Peru,PE,RIOJA,2208,2018,117.13703988572212
PE_22,Peru,PE,RIOJA,2208,2019,41.35287581963647
PE_22,Peru,PE,RIOJA,2208,2022,13.778985153663433
PE_25,Peru,PE,CORONEL PORTILLO,2501,2018,287.97448251554283
PE_25,Peru,PE,CORONEL PORTILLO,2501,2020,27.22579029545067
PE_25,Peru,PE,CORONEL PORTILLO,2501,2021,68.16166173353452
PE_25,Peru,PE,CORONEL PORTILLO,2501,2022,70.34496759148143
PE_25,Peru,PE,CORONEL PORTILLO,2501,2023,13.6480416473771
PE_25,Peru,PE,CORONEL PORTILLO,2501,2024,29.31982188861843
SR_SR01,Suriname,SR,Brokopondo,SR01,2018,41723.55144891333
SR_SR01,Suriname,SR,Brokopondo,SR01,2019,9369.05109094993
SR_SR01,Suriname,SR,Brokopondo,SR01,2020,6257.329273441714
SR_SR01,Suriname,SR,Brokopondo,SR01,2021,5080.840732046707
SR_SR01,Suriname,SR,Brokopondo,SR01,2022,5276.540711277429
SR_SR01,Suriname,SR,Brokopondo,SR01,2023,6891.556137867488
SR_SR01,Suriname,SR,Brokopondo,SR01,2024,7651.931858579576
SR_SR01,Suriname,SR,Para,SR06,2018,0.0
SR_SR01,Suriname,SR,Para,SR06,2022,0.0
SR_SR01,Suriname,SR,Para,SR06,2023,0.0
SR_SR01,Suriname,SR,Sipaliwini,SR09,2018,3.029389101226028
SR_SR01,Suriname,SR,Sipaliwini,SR09,2019,2.9321358490564626
SR_SR01,Suriname,SR,Sipaliwini,SR09,2020,7.649983454810408e-13
SR_SR01,Suriname,SR,Sipaliwini,SR09,2021,1.2055575582908131
SR_SR01,Suriname,SR,Sipaliwini,SR09,2022,2.7447586457831115
SR_SR01,Suriname,SR,Sipaliwini,SR09,2023,0.0
SR_SR01,Suriname,SR,Sipaliwini,SR09,2024,0.0
SR_SR02,Suriname,SR,Commewijne,SR02,2018,67.84714095092586
SR_SR02,Suriname,SR,Commewijne,SR02,2023,40.70733579539265
SR_SR04,Suriname,SR,Marowijne,SR04,2018,1900.4079002017384
SR_SR04,Suriname,SR,Marowijne,SR04,2019,307.69054792211
SR_SR04,Suriname,SR,Marowijne,SR04,2020,117.14210900889836
SR_SR04,Suriname,SR,Marowijne,SR04,2021,47.384399016290146
SR_SR04,Suriname,SR,Marowijne,SR04,2022,199.4087265430665
SR_SR04,Suriname,SR,Marowijne,SR04,2023,143.1568767618399
SR_SR04,Suriname,SR,Marowijne,SR04,2024,81.23025542832123
SR_SR06,Suriname,SR,Brokopondo,SR01,2018,0.0
SR_SR06,Suriname,SR,Brokopondo,SR01,2020,0.0
SR_SR06,Suriname,SR,Brokopondo,SR01,2024,1.880209833204742e-12
SR_SR06,Suriname,SR,Para,SR06,2018,3973.2465446648316
SR_SR06,Suriname,SR,Para,SR06,2019,571.9249410748922
SR_SR06,Suriname,SR,Para,SR06,2020,504.56900074203696
SR_SR06,Suriname,SR,Para,SR06,2021,779.6813246055077
SR_SR06,Suriname,SR,Para,SR06,2022,529.4169802224312
SR_SR06,Suriname,SR,Para,SR06,2023,580.7866249893472
SR_SR06,Suriname,SR,Para,SR06,2024,317.8593200428316
SR_SR06,Suriname,SR,Sipaliwini,SR09,2018,8.2528078748427
SR_SR06,Suriname,SR,Sipaliwini,SR09,2023,2.35591099241758
SR_SR06,Suriname,SR,Sipaliwini,SR09,2024,0.14234021681982129
SR_SR09,Suriname,SR,Brokopondo,SR01,2018,3.029389101274421
SR_SR09,Suriname,SR,Brokopondo,SR01,2019,2.932135849062734
SR_SR09,Suriname,SR,Brokopondo,SR01,2020,1.340695393609731e-11
SR_SR09,Suriname,SR,Brokopondo,SR01,2021,1.2055575582908133
SR_SR09,Suriname,SR,Brokopondo,SR01,2022,2.7447586457864412
SR_SR09,Suriname,SR,Brokopondo,SR01,2023,0.0
SR_SR09,Suriname,SR,Para,SR06,2018,8.25280787484149
SR_SR09,Suriname,SR,Para,SR06,2023,2.355910992419089
SR_SR09,Suriname,SR,Para,SR06,2024,0.14234021680305828
SR_SR09,Suriname,SR,Sipaliwini,SR09,2018,91072.24319272887
SR_SR09,Suriname,SR,Sipaliwini,SR09,2019,14181.140604845665
SR_SR09,Suriname,SR,Sipaliwini,SR09,2020,11142.118547089507
SR_SR09,Suriname,SR,Sipaliwini,SR09,2021,8507.37103432074
SR_SR09,Suriname,SR,Sipaliwini,SR09,2022,12731.879206247653
SR_SR09,Suriname,SR,Sipaliwini,SR09,2023,15718.938358757765
SR_SR09,Suriname,SR,Sipaliwini,SR09,2024,7521.702244007341
VE_VE02,Venezuela,VE,Comunidad,VE020502,2022,27.212160088390835
VE_VE02,Venezuela,VE,Comunidad,VE020502,2024,27.210057556883346
VE_VE02,Venezuela,VE,Guayapo,VE020404,2022,142.55270823450465
VE_VE02,Venezuela,VE,Guayapo,VE020404,2023,115.42415299261246
VE_VE02,Venezuela,VE,Guayapo,VE020404,2024,61.13085496536368
VE_VE02,Venezuela,VE,Marawaka,VE020103,2023,123.53548809269046
VE_VE02,Venezuela,VE,Mavaca,VE020104,2021,68.73390988801776
VE_VE02,Venezuela,VE,Mavaca,VE020104,2022,245.88600085310486
VE_VE02,Venezuela,VE,Mavaca,VE020104,2023,41.19990829819367
VE_VE02,Venezuela,VE,Mavaca,VE020104,2024,41.2428047057248
VE_VE02,Venezuela,VE,Medio Ventuari,VE020602,2018,250.84671601013275
VE_VE02,Venezuela,VE,Medio Ventuari,VE020602,2019,47.79387178544253
VE_VE02,Venezuela,VE,Medio Ventuari,VE020602,2020,47.77614988483038
VE_VE02,Venezuela,VE,Medio Ventuari,VE020602,2021,20.726057281998965
VE_VE02,Venezuela,VE,Medio Ventuari,VE020602,2022,28.69617451668902
VE_VE02,Venezuela,VE,Medio Ventuari,VE020602,2023,43.532524205478225
VE_VE02,Venezuela,VE,Medio Ventuari,VE020602,2024,121.98936214137646
VE_VE02,Venezuela,VE,Sierra Parima,VE020105,2020,41.07267683707534
VE_VE02,Venezuela,VE,Sierra Parima,VE020105,2021,899.6656016473783
VE_VE02,Venezuela,VE,Sierra Parima,VE020105,2022,166.4211999860503
VE_VE02,Venezuela,VE,Sierra Parima,VE020105,2023,123.21926294183729
VE_VE02,Venezuela,VE,Sierra Parima,VE020105,2024,159.57891164625244
VE_VE02,Venezuela,VE,Solano,VE020701,2018,100.95816011955961
VE_VE02,Venezuela,VE,Solano,VE020701,2019,20.722427774764807
VE_VE02,Venezuela,VE,Solano,VE020701,2020,20.723632869153075
VE_VE02,Venezuela,VE,Solano,VE020701,2024,55.24074170085444
VE_VE02,Venezuela,VE,Yacapana,VE020202,2018,3470.951869434704
VE_VE02,Venezuela,VE,Yacapana,VE020202,2019,598.858191850015
VE_VE02,Venezuela,VE,Yacapana,VE020202,2020,479.84087359935404
VE_VE02,Venezuela,VE,Yacapana,VE020202,2021,715.077434993967
VE_VE02,Venezuela,VE,Yacapana,VE020202,2022,1199.5008218626544
VE_VE02,Venezuela,VE,Yacapana,VE020202,2023,767.6457625170249
VE_VE02,Venezuela,VE,Yacapana,VE020202,2024,574.0128876139072
VE_VE07,Venezuela,VE,Ariapo,VE071002,2018,350.45789406704773
VE_VE07,Venezuela,VE,Ariapo,VE071002,2019,202.4115427972634
VE_VE07,Venezuela,VE,Ariapo,VE071002,2020,151.4245169527884
VE_VE07,Venezuela,VE,Ariapo,VE071002,2021,117.02066619070828
VE_VE07,Venezuela,VE,Ariapo,VE071002,2022,78.81790049061092
VE_VE07,Venezuela,VE,Ariapo,VE071002,2023,89.37613243753592
VE_VE07,Venezuela,VE,Ariapo,VE071002,2024,68.73567653126932
VE_VE07,Venezuela,VE,Ascensión Farreras,VE070203,2018,124.10057552214181
VE_VE07,Venezuela,VE,Ascensión Farreras,VE070203,2019,34.47346320562802
VE_VE07,Venezuela,VE,Ascensión Farreras,VE070203,2020,62.053268297447254
VE_VE07,Venezuela,VE,Ascensión Farreras,VE070203,2021,103.39368954040583
VE_VE07,Venezuela,VE,Ascensión Farreras,VE070203,2022,27.580405777302015
VE_VE07,Venezuela,VE,Ascensión Farreras,VE070203,2024,48.21178715346414
VE_VE07,Venezuela,VE,Barceloneta,VE070702,2018,19441.106724577767
VE_VE07,Venezuela,VE,Barceloneta,VE070702,2019,2927.6190519499273
VE_VE07,Venezuela,VE,Barceloneta,VE070702,2020,784.4247079800231
VE_VE07,Venezuela,VE,Barceloneta,VE070702,2021,892.758817555151
VE_VE07,Venezuela,VE,Barceloneta,VE070702,2022,1717.581045021829
VE_VE07,Venezuela,VE,Barceloneta,VE070702,2023,1136.4985753250653
VE_VE07,Venezuela,VE,Barceloneta,VE070702,2024,1394.5149565387671
VE_VE07,Venezuela,VE,Dalla Costa,VE070902,2018,9246.961495692804
VE_VE07,Venezuela,VE,Dalla Costa,VE070902,2019,1993.6858402394762
VE_VE07,Venezuela,VE,Dalla Costa,VE070902,2020,944.8954986411945
VE_VE07,Venezuela,VE,Dalla Costa,VE070902,2021,1357.924030799119
VE_VE07,Venezuela,VE,Dalla Costa,VE070902,2022,1589.3864375558612
VE_VE07,Venezuela,VE,Dalla Costa,VE070902,2023,3178.119928844994
VE_VE07,Venezuela,VE,Dalla Costa,VE070902,2024,1938.3505244773892
VE_VE07,Venezuela,VE,Francisco Aniceto Lugo,VE100103,2018,0.0
VE_VE07,Venezuela,VE,Francisco Aniceto Lugo,VE100103,2019,0.0
VE_VE07,Venezuela,VE,Guainiamo,VE070204,2018,181.6689851379449
VE_VE07,Venezuela,VE,Guainiamo,VE070204,2020,37.71099654761792
VE_VE07,Venezuela,VE,Guainiamo,VE070204,2022,62.14156019129187
VE_VE07,Venezuela,VE,Guainiamo,VE070204,2023,20.712192123025247
VE_VE07,Venezuela,VE,Ikabaru,VE070402,2018,10790.690468614042
VE_VE07,Venezuela,VE,Ikabaru,VE070402,2019,1071.740175582761
VE_VE07,Venezuela,VE,Ikabaru,VE070402,2020,532.3426972464957
VE_VE07,Venezuela,VE,Ikabaru,VE070402,2021,677.9334445959867
VE_VE07,Venezuela,VE,Ikabaru,VE070402,2022,792.7740649836774
VE_VE07,Venezuela,VE,Ikabaru,VE070402,2023,1084.6801205547818
VE_VE07,Venezuela,VE,Ikabaru,VE070402,2024,702.28668327815
VE_VE07,Venezuela,VE,Motiaco,VE071005,2018,27.4329422702244
VE_VE07,Venezuela,VE,Motiaco,VE071005,2019,54.86949845533682
VE_VE07,Venezuela,VE,Motiaco,VE071005,2024,61.725669684686096
VE_VE07,Venezuela,VE,Pedro Cova,VE070603,2018,4148.298904395015
VE_VE07,Venezuela,VE,Pedro Cova,VE070603,2019,711.2475303948997
VE_VE07,Venezuela,VE,Pedro Cova,VE070603,2020,568.6806792276057
VE_VE07,Venezuela,VE,Pedro Cova,VE070603,2021,188.00726144651046
VE_VE07,Venezuela,VE,Pedro Cova,VE070603,2022,328.87502967225544
VE_VE07,Venezuela,VE,Pedro Cova,VE070603,2023,246.65366365925001
VE_VE07,Venezuela,VE,Pedro Cova,VE070603,2024,275.27869886391454
VE_VE07,Venezuela,VE,Pijiguaos,VE070206,2018,27.119494015001912
VE_VE07,Venezuela,VE,Pijiguaos,VE070206,2020,27.115115827770857
VE_VE07,Venezuela,VE,Pijiguaos,VE070206,2021,27.118338082166133
VE_VE07,Venezuela,VE,Pijiguaos,VE070206,2023,13.556754424482662
VE_VE07,Venezuela,VE,Pijiguaos,VE070206,2024,81.32092931401682
VE_VE07,Venezuela,VE,San Francisco,VE070703,2024,1.790102776037534
VE_VE07,Venezuela,VE,San Isidro,VE070903,2018,25224.74194096595
VE_VE07,Venezuela,VE,San Isidro,VE070903,2019,3851.313177718146
VE_VE07,Venezuela,VE,San Isidro,VE070903,2020,1567.2622113556677
VE_VE07,Venezuela,VE,San Isidro,VE070903,2021,1451.9170780169206
VE_VE07,Venezuela,VE,San Isidro,VE070903,2022,2566.1005029160474
VE_VE07,Venezuela,VE,San Isidro,VE070903,2023,4322.699516577624
VE_VE07,Venezuela,VE,San Isidro,VE070903,2024,2516.8610274357075
VE_VE07,Venezuela,VE,Sección Capital Cedeño,VE070201,2024,27.044144607576413
VE_VE07,Venezuela,VE,Sección Capital Gran Sabana,VE070401,2018,4163.7461931642265
VE_VE07,Venezuela,VE,Sección Capital Gran Sabana,VE070401,2019,1072.602504320291
VE_VE07,Venezuela,VE,Sección Capital Gran Sabana,VE070401,2020,463.18461520841294
VE_VE07,Venezuela,VE,Sección Capital Gran Sabana,VE070401,2021,554.4071134347629
VE_VE07,Venezuela,VE,Sección Capital Gran Sabana,VE070401,2022,679.9861050088047
VE_VE07,Venezuela,VE,Sección Capital Gran Sabana,VE070401,2023,599.599346714438
VE_VE07,Venezuela,VE,Sección Capital Gran Sabana,VE070401,2024,608.6451439773398
VE_VE07,Venezuela,VE,Sección Capital Roscio,VE070801,2018,803.0653975163212
VE_VE07,Venezuela,VE,Sección Capital Roscio,VE070801,2019,365.52760497367353
VE_VE07,Venezuela,VE,Sección Capital Roscio,VE070801,2020,245.78600429565714
VE_VE07,Venezuela,VE,Sección Capital Roscio,VE070801,2021,224.26143144143316
VE_VE07,Venezuela,VE,Sección Capital Roscio,VE070801,2022,157.45145246714856
VE_VE07,Venezuela,VE,Sección Capital Roscio,VE070801,2023,234.16651530435078
VE_VE07,Venezuela,VE,Sección Capital Roscio,VE070801,2024,104.26277754847328
VE_VE07,Venezuela,VE,Sección Capital Sifontes,VE070901,2018,1784.7274357555648
VE_VE07,Venezuela,VE,Sección Capital Sifontes,VE070901,2019,1023.4471022888571
VE_VE07,Venezuela,VE,Sección Capital Sifontes,VE070901,2020,1353.8399563532412
VE_VE07,Venezuela,VE,Sección Capital Sifontes,VE070901,2021,1654.6913743687555
VE_VE07,Venezuela,VE,Sección Capital Sifontes,VE070901,2022,1588.65604784221
VE_VE07,Venezuela,VE,Sección Capital Sifontes,VE070901,2023,2391.803793626107
VE_VE07,Venezuela,VE,Sección Capital Sifontes,VE070901,2024,657.022222554027
VE_VE07,Venezuela,VE,Sección Capital el Callao,VE070301,2018,321.3180896327138
VE_VE07,Venezuela,VE,Sección Capital el Callao,VE070301,2019,34.01650791852449
VE_VE07,Venezuela,VE,Sección Capital el Callao,VE070301,2021,204.12090038983544
VE_VE07,Venezuela,VE,Sección Capital el Callao,VE070301,2022,227.66559247207067
VE_VE07,Venezuela,VE,Sección Capital el Callao,VE070301,2023,102.04869913116306
VE_VE07,Venezuela,VE,Sección Capital el Callao,VE070301,2024,217.70786658661342
VE_VE10,Venezuela,VE,Almirante Luis Brión,VE100102,2018,412.1837516044433
VE_VE10,Venezuela,VE,Almirante Luis Brión,VE100102,2019,122.4111956353085
VE_VE10,Venezuela,VE,Almirante Luis Brión,VE100102,2020,54.406549621952266
VE_VE10,Venezuela,VE,Almirante Luis Brión,VE100102,2021,13.601369134212833
VE_VE10,Venezuela,VE,Almirante Luis Brión,VE100102,2022,54.40380182711458
VE_VE10,Venezuela,VE,Almirante Luis Brión,VE100102,2023,40.79867872185406
VE_VE10,Venezuela,VE,Almirante Luis Brión,VE100102,2024,33.99383240585999
VE_VE10,Venezuela,VE,Francisco Aniceto Lugo,VE100103,2018,1565.368331032297
VE_VE10,Venezuela,VE,Francisco Aniceto Lugo,VE100103,2019,558.4676856367719
VE_VE10,Venezuela,VE,Francisco Aniceto Lugo,VE100103,2020,80.66765568246655
VE_VE10,Venezuela,VE,Francisco Aniceto Lugo,VE100103,2021,142.20577531042062
VE_VE10,Venezuela,VE,Francisco Aniceto Lugo,VE100103,2022,155.79933481991654
VE_VE10,Venezuela,VE,Francisco Aniceto Lugo,VE100103,2023,264.1528334248218
VE_VE10,Venezuela,VE,Francisco Aniceto Lugo,VE100103,2024,29.17762492712736
VE_VE10,Venezuela,VE,Sección Capital Sifontes,VE070901,2018,0.0
VE_VE10,Venezuela,VE,Sección Capital Sifontes,VE070901,2020,0.0
