id,admin_country,admin_country_code,admin_name_field,admin_id_field,admin_year,admin_illegality_max,intersected_area_ha
BO103_0,Bolivia,BO,Guanay,BO020602,202400,1.0,17.62000036239624
BO109_0,Bolivia,BO,La Guardia,BO070104,202400,4.0,5.179993572833291
BO109_0,Bolivia,BO,La Guardia,BO070104,202502,4.0,3.601528038812774
BO109_0,Bolivia,BO,Porongo,BO070103,202400,4.0,109.48025283735821
BO109_0,Bolivia,BO,Porongo,BO070103,202502,4.0,44.351638728647856
BO126_0,Bolivia,BO,Porongo,BO070103,202502,4.0,0.058018113447086093
BO126_0,Bolivia,BO,Santa Cruz de la Sierra,BO070101,202400,4.0,11.06910805335988
BO126_0,Bolivia,BO,Santa Cruz de la Sierra,BO070101,202502,4.0,53.0147229207035
BO126_0,Bolivia,BO,Santa Cruz de la Sierra,BO070101,202503,4.0,20.921017626604417
BO14_0,Bolivia,BO,San Javier,BO080102,201900,3.0,0.6358773419267435
BO193_0,Bolivia,BO,Puerto Villarroel,BO031205,201800,3.0,1.8997973931978518
BO220_0,Bolivia,BO,Nueva Esperanza,BO090501,201800,1.0,0.04460353921279333
BO220_0,Bolivia,BO,Nueva Esperanza,BO090501,201800,3.0,49.751504207035964
BO220_0,Bolivia,BO,Nueva Esperanza,BO090501,202000,3.0,0.0
BO220_0,Bolivia,BO,Nueva Esperanza,BO090501,202502,3.0,3.822267817323242
BO49_0,Bolivia,BO,Cocapata,BO030303,202400,4.0,21.94134896585526
BO49_0,Bolivia,BO,Inquisivi,BO021001,202400,4.0,8.776558258147887
BO5_0,Bolivia,BO,Baures,BO080802,202300,1.0,12.069999694824219
BO5_0,Bolivia,BO,Baures,BO080802,202400,1.0,4.199999809265138
BO5_0,Bolivia,BO,Magdalena,BO080801,201900,4.0,2.130000114440918
BO5_0,Bolivia,BO,Magdalena,BO080801,202200,4.0,1.1299999952316284
BOAP-0301_0,Bolivia,BO,San Ignacio,BO080501,201900,4.0,5.539999961853027
BOAP-0301_0,Bolivia,BO,Villa Tunari,BO031003,202200,4.0,1.7799999713897705
BOAP-0301_0,Bolivia,BO,Villa Tunari,BO031003,202300,4.0,3.0199999809265137
BOAP-0405_0,Bolivia,BO,Apolo,BO020701,202400,4.0,18.668273137724462
BOAP-0405_0,Bolivia,BO,Apolo,BO020701,202503,4.0,0.16814489960632084
BOAP-0405_0,Bolivia,BO,Charazani,BO021601,202400,4.0,140.6900363015514
BOAP-0405_0,Bolivia,BO,Charazani,BO021601,202503,4.0,1.63000001385808
BOAP-0405_0,Bolivia,BO,Guanay,BO020602,202400,4.0,0.9447039579100077
BOAP-0405_0,Bolivia,BO,Mapiri,BO020607,201800,4.0,47.64011274745704
BOAP-0405_0,Bolivia,BO,Mapiri,BO020607,202400,4.0,1331.7010682544155
BOAP-0405_0,Bolivia,BO,Mapiri,BO020607,202502,4.0,37.93273212365864
BOAP-0405_0,Bolivia,BO,Mapiri,BO020607,202503,4.0,53.055483082448326
BOAP-0405_0,Bolivia,BO,Tacacoma,BO020603,202400,4.0,8.39169022268036
BOAP-0405_0,Bolivia,BO,Tacacoma,BO020603,202503,4.0,0.01486570020236659
BOAP-0604_0,Bolivia,BO,Filadelfia,BO090203,202400,4.0,5.51810803078449
BOAP-0604_0,Bolivia,BO,Puerto Rico,BO090201,202100,4.0,0.7900000214576721
BOAP-1301_0,Bolivia,BO,Shinahota,BO031602,202200,4.0,1.3299999237060547
BOAP-1601_0,Bolivia,BO,Apolo,BO020701,202400,4.0,780.7154593506095
BOAP-1601_0,Bolivia,BO,Apolo,BO020701,202503,4.0,19.149999618530277
BOAP-1601_0,Bolivia,BO,Ixiamas,BO021501,202300,4.0,2.009999990463257
BOAP-1601_0,Bolivia,BO,Ixiamas,BO021501,202400,4.0,6.269999980926514
BOAP-1601_0,Bolivia,BO,Pelechuco,BO020702,202400,4.0,49.98321537854061
BR1001_0,Brasil,BR,Parauapebas,1505536,201800,3.0,1.666534974675901
BR1001_0,Brasil,BR,Parauapebas,1505536,202200,3.0,2.274821612240468
BR1001_0,Brasil,BR,Parauapebas,1505536,202300,3.0,2.6821820974705197
BR1001_0,Brasil,BR,Parauapebas,1505536,202400,2.0,0.828865326997893
BR1001_0,Brasil,BR,Parauapebas,1505536,202400,3.0,1.0873308919092215
BR1001_0,Brasil,BR,Parauapebas,1505536,202502,3.0,15.653941374376211
BR1001_0,Brasil,BR,Parauapebas,1505536,202503,3.0,0.4816638168399529
BR1012_0,Brasil,BR,Altamira,1500602,201800,3.0,1.9300000220537183
BR1012_0,Brasil,BR,Altamira,1500602,201900,3.0,76.14213903803476
BR1012_0,Brasil,BR,Altamira,1500602,202000,3.0,3.830981645510444
BR1012_0,Brasil,BR,Altamira,1500602,202300,2.0,0.0
BR1012_0,Brasil,BR,Altamira,1500602,202300,3.0,0.0
BR1012_0,Brasil,BR,Altamira,1500602,202400,2.0,4.520464471620496
BR1012_0,Brasil,BR,Altamira,1500602,202400,3.0,3.1612944991406815
BR1012_0,Brasil,BR,Altamira,1500602,202502,2.0,0.119999997317791
BR1012_0,Brasil,BR,Altamira,1500602,202502,3.0,9.294960507130728
BR1012_0,Brasil,BR,Altamira,1500602,202503,3.0,10.369999855756761
BR1012_0,Brasil,BR,Itaituba,1503606,201800,3.0,3.6100000739097595
BR1012_0,Brasil,BR,Itaituba,1503606,201800,4.0,1.122993000019548
BR1012_0,Brasil,BR,Itaituba,1503606,201900,2.0,3.4400000572204603
BR1012_0,Brasil,BR,Itaituba,1503606,201900,3.0,162.89786469327845
BR1012_0,Brasil,BR,Itaituba,1503606,201900,4.0,3.8473387664139502
BR1012_0,Brasil,BR,Itaituba,1503606,202000,2.0,0.0
BR1012_0,Brasil,BR,Itaituba,1503606,202000,3.0,58.914271058131504
BR1012_0,Brasil,BR,Itaituba,1503606,202000,4.0,0.0
BR1012_0,Brasil,BR,Itaituba,1503606,202100,3.0,9.250000238418583
BR1012_0,Brasil,BR,Itaituba,1503606,202200,3.0,1.6800000220537183
BR1012_0,Brasil,BR,Itaituba,1503606,202300,3.0,4.419999973848462
BR1012_0,Brasil,BR,Itaituba,1503606,202400,3.0,0.0
BR1012_0,Brasil,BR,Itaituba,1503606,202502,3.0,0.23355142139533308
BR1012_0,Brasil,BR,Trairão,1508050,201800,3.0,121.92999720573422
BR1012_0,Brasil,BR,Trairão,1508050,201900,3.0,14.920000161975617
BR1012_0,Brasil,BR,Trairão,1508050,201900,4.0,6.750984927970414
BR1012_0,Brasil,BR,Trairão,1508050,202000,3.0,38.88474459843182
BR1012_0,Brasil,BR,Trairão,1508050,202100,3.0,20.579999951645732
BR1012_0,Brasil,BR,Trairão,1508050,202200,3.0,30.550000242888927
BR1012_0,Brasil,BR,Trairão,1508050,202300,3.0,13.489999920129776
BR1012_0,Brasil,BR,Trairão,1508050,202400,3.0,9.120000142604114
BR1012_0,Brasil,BR,Trairão,1508050,202502,3.0,5.439999870955944
BR1012_0,Brasil,BR,Trairão,1508050,202503,3.0,0.4599999878555536
BR1018_0,Brasil,BR,Itaituba,1503606,201800,2.0,9.23000001907349
BR1018_0,Brasil,BR,Itaituba,1503606,201800,3.0,2524.8954562397084
BR1018_0,Brasil,BR,Itaituba,1503606,201800,4.0,30.25762250920187
BR1018_0,Brasil,BR,Itaituba,1503606,201900,2.0,0.4699999988079071
BR1018_0,Brasil,BR,Itaituba,1503606,201900,3.0,479.9504947601819
BR1018_0,Brasil,BR,Itaituba,1503606,202000,2.0,0.08706004847305657
BR1018_0,Brasil,BR,Itaituba,1503606,202000,3.0,333.14606829343154
BR1018_0,Brasil,BR,Itaituba,1503606,202100,2.0,3.7500000093132257
BR1018_0,Brasil,BR,Itaituba,1503606,202100,3.0,404.64708703300386
BR1018_0,Brasil,BR,Itaituba,1503606,202100,4.0,0.1773282393364242
BR1018_0,Brasil,BR,Itaituba,1503606,202200,2.0,1.0405504020975456
BR1018_0,Brasil,BR,Itaituba,1503606,202200,3.0,451.4478212319586
BR1018_0,Brasil,BR,Itaituba,1503606,202300,2.0,0.8700000047683712
BR1018_0,Brasil,BR,Itaituba,1503606,202300,3.0,290.4583230798559
BR1018_0,Brasil,BR,Itaituba,1503606,202300,4.0,1.3492993209177238
BR1018_0,Brasil,BR,Itaituba,1503606,202400,3.0,102.52009882856258
BR1018_0,Brasil,BR,Itaituba,1503606,202502,2.0,3.059999942779541
BR1018_0,Brasil,BR,Itaituba,1503606,202502,3.0,60.2447308785137
BR1018_0,Brasil,BR,Itaituba,1503606,202502,4.0,5.576513195562597
BR1018_0,Brasil,BR,Itaituba,1503606,202503,2.0,10.020000457763672
BR1018_0,Brasil,BR,Itaituba,1503606,202503,3.0,16.376147343462737
BR1018_0,Brasil,BR,Itaituba,1503606,202503,4.0,0.8928389403624496
BR1018_0,Brasil,BR,Jacareacanga,1503754,201800,3.0,94.66219357275409
BR1018_0,Brasil,BR,Jacareacanga,1503754,201900,3.0,16.2669065968473
BR1018_0,Brasil,BR,Jacareacanga,1503754,202000,3.0,45.43880156103155
BR1018_0,Brasil,BR,Jacareacanga,1503754,202100,3.0,102.25572399874744
BR1018_0,Brasil,BR,Jacareacanga,1503754,202200,2.0,0.09000000357627863
BR1018_0,Brasil,BR,Jacareacanga,1503754,202200,3.0,33.9769928087176
BR1018_0,Brasil,BR,Jacareacanga,1503754,202300,3.0,36.81040712492097
BR1018_0,Brasil,BR,Jacareacanga,1503754,202400,3.0,26.295612201072647
BR1018_0,Brasil,BR,Jacareacanga,1503754,202502,3.0,19.059999704360962
BR1018_0,Brasil,BR,Jacareacanga,1503754,202503,3.0,1.1200000531971452
BR1018_0,Brasil,BR,Maués,1302900,201800,3.0,47.477900667388774
BR1018_0,Brasil,BR,Maués,1302900,201800,4.0,15.062400060159572
BR1018_0,Brasil,BR,Maués,1302900,201900,3.0,19.054859841948918
BR1018_0,Brasil,BR,Maués,1302900,202000,2.0,4.16972359225813
BR1018_0,Brasil,BR,Maués,1302900,202000,3.0,26.505806478500055
BR1018_0,Brasil,BR,Maués,1302900,202100,2.0,0.17000000178813934
BR1018_0,Brasil,BR,Maués,1302900,202100,3.0,6.443024993633655
BR1018_0,Brasil,BR,Maués,1302900,202200,2.0,3.7094485574737144
BR1018_0,Brasil,BR,Maués,1302900,202200,3.0,11.382102051261754
BR1018_0,Brasil,BR,Maués,1302900,202300,2.0,0.3700000047683715
BR1018_0,Brasil,BR,Maués,1302900,202300,3.0,5.511671239308992
BR1018_0,Brasil,BR,Maués,1302900,202400,3.0,1.3106099579189108
BR1018_0,Brasil,BR,Maués,1302900,202502,3.0,4.439204822602976
BR1018_0,Brasil,BR,Maués,1302900,202503,3.0,0.2138527969910272
BR1139_0,Brasil,BR,Manaus,1302603,201800,3.0,19.08282037977003
BR1159_0,Brasil,BR,Maués,1302900,201800,3.0,344.50212892387117
BR1159_0,Brasil,BR,Maués,1302900,201800,4.0,8.895957626370844
BR1159_0,Brasil,BR,Maués,1302900,201900,3.0,55.25633554268507
BR1159_0,Brasil,BR,Maués,1302900,201900,4.0,4.620280181151639
BR1159_0,Brasil,BR,Maués,1302900,202000,3.0,45.74835117362654
BR1159_0,Brasil,BR,Maués,1302900,202000,4.0,5.185085330002886
BR1159_0,Brasil,BR,Maués,1302900,202100,2.0,8.020000457763672
BR1159_0,Brasil,BR,Maués,1302900,202100,3.0,157.89622729122107
BR1159_0,Brasil,BR,Maués,1302900,202200,2.0,2.559999980032444
BR1159_0,Brasil,BR,Maués,1302900,202200,3.0,165.11811170847363
BR1159_0,Brasil,BR,Maués,1302900,202200,4.0,2.442487654706502
BR1159_0,Brasil,BR,Maués,1302900,202300,2.0,10.980000019073486
BR1159_0,Brasil,BR,Maués,1302900,202300,3.0,125.91210631742194
BR1159_0,Brasil,BR,Maués,1302900,202300,4.0,24.842737680399935
BR1159_0,Brasil,BR,Maués,1302900,202400,2.0,85.35000121593475
BR1159_0,Brasil,BR,Maués,1302900,202400,3.0,122.02985201352315
BR1159_0,Brasil,BR,Maués,1302900,202400,4.0,0.0
BR1159_0,Brasil,BR,Maués,1302900,202502,2.0,23.250000417232506
BR1159_0,Brasil,BR,Maués,1302900,202502,3.0,60.349999845027924
BR1159_0,Brasil,BR,Maués,1302900,202502,4.0,11.48979536573769
BR1159_0,Brasil,BR,Maués,1302900,202503,2.0,31.38000082969665
BR1159_0,Brasil,BR,Maués,1302900,202503,3.0,22.522670268628733
BR1159_0,Brasil,BR,Maués,1302900,202503,4.0,4.42465951283829
BR1190_0,Brasil,BR,Lábrea,1302405,201800,4.0,21.354845066677754
BR1190_0,Brasil,BR,Lábrea,1302405,201900,4.0,0.0
BR1190_0,Brasil,BR,Lábrea,1302405,202200,4.0,0.0
BR1190_0,Brasil,BR,Lábrea,1302405,202502,4.0,0.007493294917417683
BR1190_0,Brasil,BR,Lábrea,1302405,202503,4.0,1.1393585552262742
BR1190_0,Brasil,BR,Porto Velho,1100205,201800,1.0,6.960000038146969
BR1190_0,Brasil,BR,Porto Velho,1100205,201800,4.0,108.12419229220761
BR1190_0,Brasil,BR,Porto Velho,1100205,201900,4.0,13.19669732552947
BR1190_0,Brasil,BR,Porto Velho,1100205,202000,4.0,0.6032075868063336
BR1190_0,Brasil,BR,Porto Velho,1100205,202100,2.0,3.7163235603451357
BR1190_0,Brasil,BR,Porto Velho,1100205,202200,1.0,2.0299999713897705
BR1190_0,Brasil,BR,Porto Velho,1100205,202200,4.0,0.742332534005845
BR1190_0,Brasil,BR,Porto Velho,1100205,202400,2.0,5.000539512591333
BR1190_0,Brasil,BR,Porto Velho,1100205,202400,4.0,10.396572304181234
BR1190_0,Brasil,BR,Porto Velho,1100205,202502,1.0,51.140001416206346
BR1190_0,Brasil,BR,Porto Velho,1100205,202502,4.0,33.72510106612003
BR1190_0,Brasil,BR,Porto Velho,1100205,202503,4.0,1.0928023524361785
BR1204_0,Brasil,BR,Calçoene,1600204,201800,3.0,37.84496158010517
BR1204_0,Brasil,BR,Calçoene,1600204,201900,3.0,0.5899999737739563
BR1204_0,Brasil,BR,Calçoene,1600204,202000,3.0,6.599435866991584
BR1204_0,Brasil,BR,Calçoene,1600204,202100,3.0,12.517584981801587
BR1204_0,Brasil,BR,Calçoene,1600204,202200,3.0,54.680810560859555
BR1204_0,Brasil,BR,Calçoene,1600204,202300,3.0,111.52920049920057
BR1204_0,Brasil,BR,Calçoene,1600204,202400,3.0,55.39474741726917
BR1204_0,Brasil,BR,Calçoene,1600204,202502,3.0,25.190531511547352
BR1204_0,Brasil,BR,Calçoene,1600204,202503,3.0,88.73653528514154
BR1204_0,Brasil,BR,Mazagão,1600402,202100,3.0,2.3299999237060547
BR1204_0,Brasil,BR,Oiapoque,1600501,201800,2.0,1.7200000286102297
BR1204_0,Brasil,BR,Oiapoque,1600501,201800,3.0,0.9200000166893005
BR1204_0,Brasil,BR,Oiapoque,1600501,202000,3.0,1.0
BR1204_0,Brasil,BR,Oiapoque,1600501,202100,3.0,0.0
BR1204_0,Brasil,BR,Oiapoque,1600501,202200,3.0,39.2482906100678
BR1204_0,Brasil,BR,Oiapoque,1600501,202300,3.0,53.604505131799634
BR1204_0,Brasil,BR,Oiapoque,1600501,202400,2.0,1.0700000524520874
BR1204_0,Brasil,BR,Oiapoque,1600501,202400,3.0,157.20196705296837
BR1204_0,Brasil,BR,Oiapoque,1600501,202502,2.0,48.54999876022338
BR1204_0,Brasil,BR,Oiapoque,1600501,202502,3.0,137.71953633659945
BR1204_0,Brasil,BR,Oiapoque,1600501,202503,2.0,51.6600010059774
BR1204_0,Brasil,BR,Oiapoque,1600501,202503,3.0,106.1517577866117
BR1204_0,Brasil,BR,Pedra Branca do Amapari,1600154,201800,2.0,10.872246693539275
BR1204_0,Brasil,BR,Pedra Branca do Amapari,1600154,201900,2.0,0.0
BR1204_0,Brasil,BR,Pedra Branca do Amapari,1600154,202100,2.0,0.010616116750712352
BR1204_0,Brasil,BR,Pedra Branca do Amapari,1600154,202200,2.0,0.7170373107545491
BR1204_0,Brasil,BR,Pedra Branca do Amapari,1600154,202200,3.0,6.380000114440917
BR1204_0,Brasil,BR,Pedra Branca do Amapari,1600154,202300,2.0,2.283780932995214
BR1204_0,Brasil,BR,Pedra Branca do Amapari,1600154,202300,3.0,5.300000190734863
BR1204_0,Brasil,BR,Pedra Branca do Amapari,1600154,202400,2.0,3.494582513594417
BR1204_0,Brasil,BR,Pedra Branca do Amapari,1600154,202400,3.0,0.7463026253914299
BR1204_0,Brasil,BR,Porto Grande,1600535,202300,2.0,2.658561029245408
BR1204_0,Brasil,BR,Porto Grande,1600535,202400,2.0,0.47288933387660437
BR1204_0,Brasil,BR,Porto Grande,1600535,202400,3.0,3.7214483243216936
BR1204_0,Brasil,BR,Porto Grande,1600535,202502,3.0,8.629999876022339
BR1204_0,Brasil,BR,Porto Grande,1600535,202503,3.0,15.340000152587889
BR1204_0,Brasil,BR,Serra do Navio,1600055,201800,3.0,0.8199999928474425
BR1204_0,Brasil,BR,Serra do Navio,1600055,201900,3.0,1.899999976158142
BR1204_0,Brasil,BR,Serra do Navio,1600055,202400,3.0,1.310000002384186
BR1204_0,Brasil,BR,Serra do Navio,1600055,202503,3.0,0.9500000029802322
BR1204_0,Brasil,BR,Tartarugalzinho,1600709,201800,3.0,60.53999914228914
BR1204_0,Brasil,BR,Tartarugalzinho,1600709,201900,3.0,0.019999999552965164
BR1204_0,Brasil,BR,Tartarugalzinho,1600709,202200,3.0,0.10999999940395355
BR1204_0,Brasil,BR,Tartarugalzinho,1600709,202300,3.0,0.35000000149011606
BR1204_0,Brasil,BR,Tartarugalzinho,1600709,202400,2.0,4.159999847412109
BR1204_0,Brasil,BR,Tartarugalzinho,1600709,202400,3.0,4.56999996304512
BR1204_0,Brasil,BR,Tartarugalzinho,1600709,202503,3.0,0.3700000047683715
BR1209_0,Brasil,BR,Ananindeua,1500800,201800,4.0,3.0228220186020947
BR1209_0,Brasil,BR,Marituba,1504422,201900,4.0,0.14260680612910945
BR1209_0,Brasil,BR,Marituba,1504422,202000,4.0,0.003931510764631439
BR1212_0,Brasil,BR,Oriximiná,1505304,201800,1.0,1002.3899497985838
BR1212_0,Brasil,BR,Oriximiná,1505304,201900,1.0,186.19999885559082
BR1212_0,Brasil,BR,Oriximiná,1505304,201900,3.0,16.870000839233402
BR1212_0,Brasil,BR,Oriximiná,1505304,202000,1.0,272.04001188278204
BR1212_0,Brasil,BR,Oriximiná,1505304,202100,1.0,76.66000008583069
BR1212_0,Brasil,BR,Oriximiná,1505304,202200,1.0,67.12000036239623
BR1212_0,Brasil,BR,Oriximiná,1505304,202300,1.0,83.54000051319599
BR1220_0,Brasil,BR,São Félix do Xingu,1507300,202000,4.0,9.63745029899933
BR1220_0,Brasil,BR,São Félix do Xingu,1507300,202100,4.0,0.449753118304909
BR1252_0,Brasil,BR,Óbidos,1505106,201800,2.0,0.659999966621399
BR1252_0,Brasil,BR,Óbidos,1505106,201900,2.0,0.0
BR1252_0,Brasil,BR,Óbidos,1505106,202000,2.0,0.0
BR1252_0,Brasil,BR,Óbidos,1505106,202100,2.0,0.0
BR1252_0,Brasil,BR,Óbidos,1505106,202200,2.0,0.0
BR1253_0,Brasil,BR,Itaituba,1503606,201800,3.0,128.31940291320313
BR1253_0,Brasil,BR,Itaituba,1503606,201900,2.0,0.540000021457672
BR1253_0,Brasil,BR,Itaituba,1503606,201900,3.0,26.412519091491262
BR1253_0,Brasil,BR,Itaituba,1503606,202000,3.0,16.089595764576686
BR1253_0,Brasil,BR,Itaituba,1503606,202100,3.0,2.6999999862164263
BR1253_0,Brasil,BR,Itaituba,1503606,202200,3.0,8.101819201453313
BR1253_0,Brasil,BR,Itaituba,1503606,202300,3.0,17.095992984345834
BR1253_0,Brasil,BR,Itaituba,1503606,202400,3.0,9.080694275542994
BR1253_0,Brasil,BR,Itaituba,1503606,202502,3.0,9.082575379323979
BR1253_0,Brasil,BR,Itaituba,1503606,202503,3.0,8.124536482126675
BR1253_0,Brasil,BR,Trairão,1508050,201800,3.0,19.278700010690073
BR1253_0,Brasil,BR,Trairão,1508050,201900,3.0,14.335640507221541
BR1253_0,Brasil,BR,Trairão,1508050,202000,3.0,4.494622592086578
BR1253_0,Brasil,BR,Trairão,1508050,202100,3.0,5.015692612022013
BR1253_0,Brasil,BR,Trairão,1508050,202200,3.0,1.6599999666213994
BR1253_0,Brasil,BR,Trairão,1508050,202300,3.0,3.6500000953674325
BR1253_0,Brasil,BR,Trairão,1508050,202400,3.0,42.09575118334383
BR1253_0,Brasil,BR,Trairão,1508050,202502,3.0,1.9199999570846558
BR1253_0,Brasil,BR,Trairão,1508050,202503,3.0,50.22468939422831
BR1293_0,Brasil,BR,Altamira,1500602,201800,1.0,273.52999377250677
BR1293_0,Brasil,BR,Altamira,1500602,201800,2.0,91.4800019264221
BR1293_0,Brasil,BR,Altamira,1500602,201800,3.0,126.96999812126163
BR1293_0,Brasil,BR,Altamira,1500602,201900,1.0,38.24999848753213
BR1293_0,Brasil,BR,Altamira,1500602,201900,2.0,18.050000190734863
BR1293_0,Brasil,BR,Altamira,1500602,201900,3.0,7.820000171661377
BR1293_0,Brasil,BR,Altamira,1500602,202000,1.0,30.90000033378601
BR1293_0,Brasil,BR,Altamira,1500602,202000,2.0,0.20999999344348902
BR1293_0,Brasil,BR,Altamira,1500602,202100,1.0,3.739999946206808
BR1293_0,Brasil,BR,Altamira,1500602,202100,2.0,3.980000019073487
BR1293_0,Brasil,BR,Altamira,1500602,202100,3.0,13.77000030875206
BR1293_0,Brasil,BR,Altamira,1500602,202200,1.0,27.989999085664753
BR1293_0,Brasil,BR,Altamira,1500602,202200,2.0,5.130000114440917
BR1293_0,Brasil,BR,Altamira,1500602,202200,3.0,0.14000000059604645
BR1293_0,Brasil,BR,Altamira,1500602,202300,1.0,3.97000002861023
BR1293_0,Brasil,BR,Altamira,1500602,202300,2.0,0.15999999642372129
BR1293_0,Brasil,BR,Altamira,1500602,202300,3.0,25.219999313354496
BR1293_0,Brasil,BR,Altamira,1500602,202502,1.0,21.75
BR1293_0,Brasil,BR,Altamira,1500602,202503,1.0,6.449999839067459
BR1293_0,Brasil,BR,Altamira,1500602,202503,2.0,7.8600001335144025
BR1293_0,Brasil,BR,Altamira,1500602,202503,3.0,22.3700008392334
BR1293_0,Brasil,BR,São Félix do Xingu,1507300,201800,3.0,101.81000018119812
BR1293_0,Brasil,BR,São Félix do Xingu,1507300,201900,3.0,69.97000129707158
BR1293_0,Brasil,BR,São Félix do Xingu,1507300,202000,3.0,18.09000039100647
BR1293_0,Brasil,BR,São Félix do Xingu,1507300,202100,3.0,8.4399995803833
BR1293_0,Brasil,BR,São Félix do Xingu,1507300,202100,4.0,10.672412857824014
BR1293_0,Brasil,BR,São Félix do Xingu,1507300,202200,3.0,0.9500000104308128
BR1293_0,Brasil,BR,São Félix do Xingu,1507300,202300,3.0,3.779999971389771
BR1293_0,Brasil,BR,São Félix do Xingu,1507300,202502,3.0,23.940000534057624
BR1326_0,Brasil,BR,Nova Bandeirantes,5106158,201800,4.0,93.68765876393489
BR1326_0,Brasil,BR,Nova Bandeirantes,5106158,201900,4.0,20.019999919459224
BR1326_0,Brasil,BR,Nova Bandeirantes,5106158,202000,4.0,30.76316546729351
BR1326_0,Brasil,BR,Nova Bandeirantes,5106158,202100,4.0,13.021015895794001
BR1326_0,Brasil,BR,Nova Bandeirantes,5106158,202200,4.0,37.93180861610879
BR1326_0,Brasil,BR,Nova Bandeirantes,5106158,202300,4.0,24.97721791079298
BR1326_0,Brasil,BR,Nova Bandeirantes,5106158,202400,4.0,8.009999841451645
BR1326_0,Brasil,BR,Nova Bandeirantes,5106158,202502,4.0,44.08635419973145
BR1326_0,Brasil,BR,Nova Bandeirantes,5106158,202503,4.0,1.9199999570846558
BR1346_0,Brasil,BR,Colniza,5103254,201800,4.0,1.1200000047683716
BR1346_0,Brasil,BR,Colniza,5103254,201900,4.0,0.7599999904632567
BR1346_0,Brasil,BR,Colniza,5103254,202000,4.0,0.07000000029802322
BR1346_0,Brasil,BR,Colniza,5103254,202100,4.0,1.2599999904632575
BR1347_0,Brasil,BR,Altamira,1500602,201800,4.0,1.0799999237060547
BR1347_0,Brasil,BR,Altamira,1500602,202503,4.0,1.8899999856948853
BR1379_0,Brasil,BR,Japurá,1302108,202300,4.0,32.17999982833862
BR1379_0,Brasil,BR,Japurá,1302108,202400,4.0,248.55000114440918
BR1379_0,Brasil,BR,Japurá,1302108,202503,4.0,157.71000090241432
BR1380_0,Brasil,BR,Jutaí,1302306,202300,3.0,2.950000047683716
BR1380_0,Brasil,BR,Jutaí,1302306,202400,3.0,91.06987549645206
BR1380_0,Brasil,BR,Jutaí,1302306,202503,3.0,25.021333636509876
BR1399_0,Brasil,BR,São José de Ribamar,2111201,202502,3.0,21.809999465942386
BR1405_0,Brasil,BR,Almeirim,1500503,202400,4.0,0.2262265006397424
BR1467_0,Brasil,BR,Breves,1501808,202200,3.0,3.848534178332018
BR1467_0,Brasil,BR,Cachoeira do Arari,1502004,202300,3.0,21.68000030517578
BR1467_0,Brasil,BR,Curralinho,1502806,202200,3.0,0.011465899665201793
BR1467_0,Brasil,BR,Soure,1507904,202000,3.0,26.799999237060547
BR1467_0,Brasil,BR,Soure,1507904,202300,3.0,26.399999618530273
BR1625_0,Brasil,BR,Cuiabá,5103403,202400,3.0,13.100000381469727
BR1625_0,Brasil,BR,Cuiabá,5103403,202502,3.0,23.66000091284514
BR164_0,Brasil,BR,Itaituba,1503606,201800,3.0,233.28755851871838
BR164_0,Brasil,BR,Itaituba,1503606,201900,3.0,46.230642140771636
BR164_0,Brasil,BR,Itaituba,1503606,202000,3.0,45.68008102626266
BR164_0,Brasil,BR,Itaituba,1503606,202100,3.0,50.64657559976148
BR164_0,Brasil,BR,Itaituba,1503606,202200,3.0,17.857986798977368
BR164_0,Brasil,BR,Itaituba,1503606,202300,3.0,7.43559626621279
BR164_0,Brasil,BR,Itaituba,1503606,202400,3.0,9.722749513824493
BR164_0,Brasil,BR,Itaituba,1503606,202502,3.0,4.237162476341556
BR164_0,Brasil,BR,Itaituba,1503606,202503,3.0,1.3348854189386519
BR164_0,Brasil,BR,Trairão,1508050,201800,3.0,7.1201899662654595
BR164_0,Brasil,BR,Trairão,1508050,201800,4.0,8.378966379475317
BR164_0,Brasil,BR,Trairão,1508050,201900,3.0,22.019999742507935
BR164_0,Brasil,BR,Trairão,1508050,202000,3.0,42.890636706682386
BR164_0,Brasil,BR,Trairão,1508050,202100,3.0,12.649999737739561
BR164_0,Brasil,BR,Trairão,1508050,202100,4.0,0.01255655574992829
BR164_0,Brasil,BR,Trairão,1508050,202200,3.0,8.490354633038342
BR164_0,Brasil,BR,Trairão,1508050,202200,4.0,0.4014894934242059
BR164_0,Brasil,BR,Trairão,1508050,202300,4.0,7.94483013887867
BR164_0,Brasil,BR,Trairão,1508050,202400,3.0,0.059999998658895506
BR164_0,Brasil,BR,Trairão,1508050,202400,4.0,13.888497834769344
BR164_0,Brasil,BR,Trairão,1508050,202502,3.0,9.890000343322754
BR164_0,Brasil,BR,Trairão,1508050,202503,3.0,6.099999904632568
BR164_0,Brasil,BR,Trairão,1508050,202503,4.0,7.613730372834788
BR1651_0,Brasil,BR,Altamira,1500602,201800,4.0,4.840000152587891
BR1651_0,Brasil,BR,Altamira,1500602,201900,4.0,8.720000267028809
BR1651_0,Brasil,BR,Altamira,1500602,202000,4.0,4.5399999618530265
BR1651_0,Brasil,BR,Altamira,1500602,202300,4.0,2.590000033378601
BR1651_0,Brasil,BR,Altamira,1500602,202503,4.0,29.2800006866455
BR1677_0,Brasil,BR,Itaituba,1503606,201800,3.0,0.0009287441066978011
BR1677_0,Brasil,BR,Itaituba,1503606,201800,4.0,1131.0734860432028
BR1677_0,Brasil,BR,Itaituba,1503606,201900,2.0,0.029905426818979123
BR1677_0,Brasil,BR,Itaituba,1503606,201900,4.0,47.21897799852558
BR1677_0,Brasil,BR,Itaituba,1503606,202000,4.0,41.859190129817215
BR1677_0,Brasil,BR,Itaituba,1503606,202100,4.0,69.53875369237406
BR1677_0,Brasil,BR,Itaituba,1503606,202200,4.0,132.77948117190968
BR1677_0,Brasil,BR,Itaituba,1503606,202300,3.0,0.0481183090429114
BR1677_0,Brasil,BR,Itaituba,1503606,202300,4.0,31.98721334572876
BR1677_0,Brasil,BR,Itaituba,1503606,202400,4.0,87.24980930733942
BR1677_0,Brasil,BR,Itaituba,1503606,202502,4.0,72.68572704123393
BR1677_0,Brasil,BR,Itaituba,1503606,202503,4.0,87.24609185136958
BR1677_0,Brasil,BR,Novo Progresso,1505031,201800,4.0,21.5297381873303
BR1677_0,Brasil,BR,Novo Progresso,1505031,201900,4.0,3.2431369644371277
BR1677_0,Brasil,BR,Novo Progresso,1505031,202000,4.0,1.3481320074484118
BR1677_0,Brasil,BR,Novo Progresso,1505031,202100,4.0,0.0
BR1677_0,Brasil,BR,Novo Progresso,1505031,202200,4.0,1.0712779836648325
BR1677_0,Brasil,BR,Novo Progresso,1505031,202300,4.0,0.0
BR1677_0,Brasil,BR,Novo Progresso,1505031,202400,4.0,14.00463857008449
BR1677_0,Brasil,BR,Novo Progresso,1505031,202502,4.0,33.821731896688455
BR1677_0,Brasil,BR,Novo Progresso,1505031,202503,4.0,32.80390080340883
BR1685_0,Brasil,BR,Manaus,1302603,202300,3.0,7.369999885559082
BR1710_0,Brasil,BR,Cruzeiro do Sul,1200203,202100,3.0,0.8700000047683717
BR1714_0,Brasil,BR,Canutama,1300904,201800,3.0,15.373984862653813
BR172_0,Brasil,BR,Caracaraí,1400209,201900,4.0,27.04000091552735
BR1817_0,Brasil,BR,Itaituba,1503606,201800,4.0,4.257073118481578
BR1817_0,Brasil,BR,Itaituba,1503606,202100,4.0,2.6755540927308776
BR1817_0,Brasil,BR,Itaituba,1503606,202200,4.0,3.180000066757202
BR1817_0,Brasil,BR,Itaituba,1503606,202300,4.0,4.519846117112547
BR1817_0,Brasil,BR,Itaituba,1503606,202400,4.0,5.369999825954439
BR1817_0,Brasil,BR,Itaituba,1503606,202502,4.0,0.1495471789685083
BR1817_0,Brasil,BR,Itaituba,1503606,202503,4.0,0.4884252203022123
BR1820_0,Brasil,BR,Marabá,1504208,201800,3.0,1.1599999666213991
BR1820_0,Brasil,BR,Marabá,1504208,202100,3.0,18.360000133514404
BR1820_0,Brasil,BR,Marabá,1504208,202200,3.0,22.034577091264957
BR1820_0,Brasil,BR,Marabá,1504208,202300,3.0,28.69000005722046
BR1820_0,Brasil,BR,Marabá,1504208,202400,3.0,27.69000002741813
BR1820_0,Brasil,BR,Marabá,1504208,202502,3.0,7.134216976248179
BR1820_0,Brasil,BR,Marabá,1504208,202503,3.0,0.46000000834465016
BR1888_0,Brasil,BR,Itaituba,1503606,201800,1.0,90.94999946653843
BR1888_0,Brasil,BR,Itaituba,1503606,201800,2.0,764.6979967850672
BR1888_0,Brasil,BR,Itaituba,1503606,201800,3.0,13602.279100836102
BR1888_0,Brasil,BR,Itaituba,1503606,201800,4.0,3191.8381125111737
BR1888_0,Brasil,BR,Itaituba,1503606,201900,1.0,45.959413775272296
BR1888_0,Brasil,BR,Itaituba,1503606,201900,2.0,267.35562141608483
BR1888_0,Brasil,BR,Itaituba,1503606,201900,3.0,1660.3131159483157
BR1888_0,Brasil,BR,Itaituba,1503606,201900,4.0,35.482621877954436
BR1888_0,Brasil,BR,Itaituba,1503606,202000,1.0,45.02999975346029
BR1888_0,Brasil,BR,Itaituba,1503606,202000,2.0,245.077022235928
BR1888_0,Brasil,BR,Itaituba,1503606,202000,3.0,1866.854648810055
BR1888_0,Brasil,BR,Itaituba,1503606,202000,4.0,17.90864867805101
BR1888_0,Brasil,BR,Itaituba,1503606,202100,1.0,61.740001078695045
BR1888_0,Brasil,BR,Itaituba,1503606,202100,2.0,365.8550825926472
BR1888_0,Brasil,BR,Itaituba,1503606,202100,3.0,2076.6734746777324
BR1888_0,Brasil,BR,Itaituba,1503606,202100,4.0,61.91089902781648
BR1888_0,Brasil,BR,Itaituba,1503606,202200,1.0,72.33999967575073
BR1888_0,Brasil,BR,Itaituba,1503606,202200,2.0,275.71915892844027
BR1888_0,Brasil,BR,Itaituba,1503606,202200,3.0,1986.604617350067
BR1888_0,Brasil,BR,Itaituba,1503606,202200,4.0,76.37568978765479
BR1888_0,Brasil,BR,Itaituba,1503606,202300,1.0,106.60000116378069
BR1888_0,Brasil,BR,Itaituba,1503606,202300,2.0,271.9981773150533
BR1888_0,Brasil,BR,Itaituba,1503606,202300,3.0,1269.2637626909732
BR1888_0,Brasil,BR,Itaituba,1503606,202300,4.0,26.650724899416097
BR1888_0,Brasil,BR,Itaituba,1503606,202400,1.0,30.809999788179994
BR1888_0,Brasil,BR,Itaituba,1503606,202400,2.0,97.79094977819838
BR1888_0,Brasil,BR,Itaituba,1503606,202400,3.0,843.7614695310259
BR1888_0,Brasil,BR,Itaituba,1503606,202400,4.0,43.39873430849427
BR1888_0,Brasil,BR,Itaituba,1503606,202502,1.0,14.98000017553568
BR1888_0,Brasil,BR,Itaituba,1503606,202502,2.0,98.87924335591083
BR1888_0,Brasil,BR,Itaituba,1503606,202502,3.0,391.80083218532
BR1888_0,Brasil,BR,Itaituba,1503606,202502,4.0,17.936110851070353
BR1888_0,Brasil,BR,Itaituba,1503606,202503,1.0,13.179999995976686
BR1888_0,Brasil,BR,Itaituba,1503606,202503,2.0,75.96773806033276
BR1888_0,Brasil,BR,Itaituba,1503606,202503,3.0,227.35857480196904
BR1888_0,Brasil,BR,Itaituba,1503606,202503,4.0,54.81817442335512
BR1888_0,Brasil,BR,Jacareacanga,1503754,201800,2.0,175.35818922762454
BR1888_0,Brasil,BR,Jacareacanga,1503754,201800,3.0,3139.6832371989694
BR1888_0,Brasil,BR,Jacareacanga,1503754,201800,4.0,75.19180796987912
BR1888_0,Brasil,BR,Jacareacanga,1503754,201900,1.0,0.0
BR1888_0,Brasil,BR,Jacareacanga,1503754,201900,2.0,73.28105108892095
BR1888_0,Brasil,BR,Jacareacanga,1503754,201900,3.0,320.1879140227584
BR1888_0,Brasil,BR,Jacareacanga,1503754,202000,1.0,1.0038650438005525
BR1888_0,Brasil,BR,Jacareacanga,1503754,202000,2.0,46.16421629634095
BR1888_0,Brasil,BR,Jacareacanga,1503754,202000,3.0,377.12050641299487
BR1888_0,Brasil,BR,Jacareacanga,1503754,202100,2.0,47.197863011449996
BR1888_0,Brasil,BR,Jacareacanga,1503754,202100,3.0,444.5819671474364
BR1888_0,Brasil,BR,Jacareacanga,1503754,202200,2.0,65.1441069083922
BR1888_0,Brasil,BR,Jacareacanga,1503754,202200,3.0,362.6228848896311
BR1888_0,Brasil,BR,Jacareacanga,1503754,202300,2.0,36.74001634714398
BR1888_0,Brasil,BR,Jacareacanga,1503754,202300,3.0,193.8386577299002
BR1888_0,Brasil,BR,Jacareacanga,1503754,202400,2.0,18.35964611479021
BR1888_0,Brasil,BR,Jacareacanga,1503754,202400,3.0,191.6502267067149
BR1888_0,Brasil,BR,Jacareacanga,1503754,202502,2.0,21.14536583360552
BR1888_0,Brasil,BR,Jacareacanga,1503754,202502,3.0,77.11354494858001
BR1888_0,Brasil,BR,Jacareacanga,1503754,202503,2.0,19.002233165212903
BR1888_0,Brasil,BR,Jacareacanga,1503754,202503,3.0,46.406239270910156
BR1888_0,Brasil,BR,Novo Progresso,1505031,201800,3.0,1.439455329653915
BR1888_0,Brasil,BR,Novo Progresso,1505031,202000,3.0,0.021331173154382127
BR1888_0,Brasil,BR,Novo Progresso,1505031,202100,3.0,0.46311555674144905
BR1888_0,Brasil,BR,Novo Progresso,1505031,202200,3.0,1.0087031694750945
BR1888_0,Brasil,BR,Novo Progresso,1505031,202300,3.0,0.796921316089003
BR1888_0,Brasil,BR,Novo Progresso,1505031,202400,3.0,0.16244558327265368
BR1888_0,Brasil,BR,Novo Progresso,1505031,202502,3.0,0.8568189333677945
BR1888_0,Brasil,BR,Novo Progresso,1505031,202503,2.0,0.054433357223491824
BR1888_0,Brasil,BR,Novo Progresso,1505031,202503,3.0,1.0457624759681867
BR1888_0,Brasil,BR,Trairão,1508050,201900,3.0,7.220000267028809
BR1888_0,Brasil,BR,Trairão,1508050,202000,3.0,5.289999961853027
BR189_0,Brasil,BR,Jutaí,1302306,201800,3.0,11.119999885559082
BR189_0,Brasil,BR,Jutaí,1302306,202300,3.0,6.051023798353163
BR18_0,Brasil,BR,Calçoene,1600204,202200,4.0,1.7100000381469729
BR18_0,Brasil,BR,Calçoene,1600204,202300,4.0,56.06637466016971
BR18_0,Brasil,BR,Calçoene,1600204,202400,4.0,20.717308884487146
BR18_0,Brasil,BR,Calçoene,1600204,202503,4.0,9.860000312328337
BR18_0,Brasil,BR,Oiapoque,1600501,201800,4.0,1.410000011324882
BR18_0,Brasil,BR,Oiapoque,1600501,202200,4.0,3.4800000190734863
BR18_0,Brasil,BR,Oiapoque,1600501,202400,4.0,1.6299999654293058
BR1908_0,Brasil,BR,Pedra Branca do Amapari,1600154,202400,2.0,1.2867941581775
BR1918_0,Brasil,BR,Cláudia,5103056,202200,4.0,4.251035554504053
BR1936_0,Brasil,BR,Itaituba,1503606,201800,2.0,2.339888860849659
BR1936_0,Brasil,BR,Itaituba,1503606,201800,3.0,1.5222254819990362
BR1936_0,Brasil,BR,Itaituba,1503606,202000,3.0,3.742987504348736
BR1936_0,Brasil,BR,Itaituba,1503606,202100,2.0,0.17521857451881503
BR1936_0,Brasil,BR,Itaituba,1503606,202100,3.0,5.284425367284522
BR1936_0,Brasil,BR,Itaituba,1503606,202200,3.0,0.33841454768024354
BR1936_0,Brasil,BR,Itaituba,1503606,202300,3.0,4.615483775465327
BR1936_0,Brasil,BR,Itaituba,1503606,202400,3.0,5.47613732984687
BR1936_0,Brasil,BR,Itaituba,1503606,202400,4.0,0.33996615828581883
BR1936_0,Brasil,BR,Itaituba,1503606,202502,2.0,0.0730116288694752
BR1936_0,Brasil,BR,Itaituba,1503606,202502,3.0,4.694600935890216
BR1936_0,Brasil,BR,Itaituba,1503606,202503,2.0,1.8039430960251739
BR1936_0,Brasil,BR,Itaituba,1503606,202503,3.0,20.834334848137576
BR1936_0,Brasil,BR,Itaituba,1503606,202503,4.0,0.12353395092050529
BR1936_0,Brasil,BR,Novo Progresso,1505031,201800,2.0,21.802183596903202
BR1936_0,Brasil,BR,Novo Progresso,1505031,201800,3.0,111.5037081751677
BR1936_0,Brasil,BR,Novo Progresso,1505031,201900,2.0,24.94000065326691
BR1936_0,Brasil,BR,Novo Progresso,1505031,201900,3.0,63.828784864559964
BR1936_0,Brasil,BR,Novo Progresso,1505031,202000,2.0,57.23436230100799
BR1936_0,Brasil,BR,Novo Progresso,1505031,202000,3.0,165.2339603833784
BR1936_0,Brasil,BR,Novo Progresso,1505031,202100,2.0,42.55361840717304
BR1936_0,Brasil,BR,Novo Progresso,1505031,202100,3.0,159.22861851112526
BR1936_0,Brasil,BR,Novo Progresso,1505031,202200,2.0,16.29784654370659
BR1936_0,Brasil,BR,Novo Progresso,1505031,202200,3.0,60.26377330645016
BR1936_0,Brasil,BR,Novo Progresso,1505031,202300,2.0,0.75
BR1936_0,Brasil,BR,Novo Progresso,1505031,202300,3.0,78.62616515029318
BR1936_0,Brasil,BR,Novo Progresso,1505031,202400,2.0,5.597103624183516
BR1936_0,Brasil,BR,Novo Progresso,1505031,202400,3.0,61.84726796472951
BR1936_0,Brasil,BR,Novo Progresso,1505031,202400,4.0,2.0540645383686282
BR1936_0,Brasil,BR,Novo Progresso,1505031,202502,2.0,12.36223644902907
BR1936_0,Brasil,BR,Novo Progresso,1505031,202502,3.0,184.1172318760111
BR1936_0,Brasil,BR,Novo Progresso,1505031,202503,2.0,18.436428776565837
BR1936_0,Brasil,BR,Novo Progresso,1505031,202503,3.0,135.10877132753336
BR1936_0,Brasil,BR,Novo Progresso,1505031,202503,4.0,2.391374933298437
BR1964_0,Brasil,BR,Parauapebas,1505536,201900,1.0,35.52000045776367
BR1964_0,Brasil,BR,Parauapebas,1505536,202200,3.0,0.3288038499807534
BR1974_0,Brasil,BR,Trairão,1508050,201800,3.0,0.23999999463558203
BR1974_0,Brasil,BR,Trairão,1508050,202100,3.0,0.6899999976158141
BR1974_0,Brasil,BR,Trairão,1508050,202200,3.0,18.8500000834465
BR1974_0,Brasil,BR,Trairão,1508050,202300,3.0,1.0800000131130219
BR1974_0,Brasil,BR,Trairão,1508050,202400,3.0,2.3199999928474426
BR1974_0,Brasil,BR,Trairão,1508050,202502,3.0,0.8799999952316284
BR1974_0,Brasil,BR,Trairão,1508050,202503,3.0,0.039999999105930314
BR2009_0,Brasil,BR,Itaituba,1503606,201800,4.0,151.3386057696842
BR2009_0,Brasil,BR,Itaituba,1503606,201900,4.0,54.928705377982276
BR2009_0,Brasil,BR,Itaituba,1503606,202000,4.0,63.5241906343843
BR2009_0,Brasil,BR,Itaituba,1503606,202100,4.0,39.90045710514783
BR2009_0,Brasil,BR,Itaituba,1503606,202200,4.0,18.436736060900923
BR2009_0,Brasil,BR,Itaituba,1503606,202300,4.0,17.79936894932348
BR2009_0,Brasil,BR,Itaituba,1503606,202400,4.0,20.598628349177623
BR2009_0,Brasil,BR,Itaituba,1503606,202502,4.0,21.83885748542918
BR2009_0,Brasil,BR,Itaituba,1503606,202503,4.0,6.220000118017197
BR2009_0,Brasil,BR,Trairão,1508050,201800,4.0,188.82456353641825
BR2009_0,Brasil,BR,Trairão,1508050,201900,4.0,81.58938301021824
BR2009_0,Brasil,BR,Trairão,1508050,202000,4.0,20.419999945908785
BR2009_0,Brasil,BR,Trairão,1508050,202100,4.0,63.38548056960816
BR2009_0,Brasil,BR,Trairão,1508050,202200,4.0,19.22851071406608
BR2009_0,Brasil,BR,Trairão,1508050,202300,4.0,7.655170122170783
BR2009_0,Brasil,BR,Trairão,1508050,202400,4.0,54.296422213386535
BR2009_0,Brasil,BR,Trairão,1508050,202502,4.0,2.8202210085693826
BR2009_0,Brasil,BR,Trairão,1508050,202503,4.0,14.346276001183067
BR2082_0,Brasil,BR,Iranduba,1301852,201800,1.0,23.1200008392334
BR2082_0,Brasil,BR,Iranduba,1301852,201800,3.0,77.62000198090016
BR2082_0,Brasil,BR,Iranduba,1301852,201900,3.0,3.4939845144706565
BR2082_0,Brasil,BR,Iranduba,1301852,202000,3.0,26.259998321533203
BR2082_0,Brasil,BR,Iranduba,1301852,202200,3.0,4.400000095367432
BR2082_0,Brasil,BR,Iranduba,1301852,202300,1.0,5.619999885559082
BR2082_0,Brasil,BR,Iranduba,1301852,202300,3.0,5.230000019073486
BR2082_0,Brasil,BR,Manacapuru,1302504,201800,2.0,3.1500000953674316
BR2082_0,Brasil,BR,Manacapuru,1302504,201800,3.0,38.53000068664551
BR2082_0,Brasil,BR,Manacapuru,1302504,202200,3.0,25.620819894777238
BR2082_0,Brasil,BR,Manacapuru,1302504,202300,3.0,17.24999988079071
BR2082_0,Brasil,BR,Manaus,1302603,201800,3.0,1.8434868310989745
BR213_0,Brasil,BR,Cujubim,1100940,202400,1.0,1.2999999523162844
BR213_0,Brasil,BR,Cujubim,1100940,202503,1.0,0.36000001430511475
BR213_0,Brasil,BR,Itapuã do Oeste,1101104,201800,1.0,228.3301899173115
BR213_0,Brasil,BR,Itapuã do Oeste,1101104,201800,3.0,298.0470866995096
BR213_0,Brasil,BR,Itapuã do Oeste,1101104,201900,1.0,83.2100014090538
BR213_0,Brasil,BR,Itapuã do Oeste,1101104,201900,3.0,4.146760811463233
BR213_0,Brasil,BR,Itapuã do Oeste,1101104,202000,1.0,19.417007256851576
BR213_0,Brasil,BR,Itapuã do Oeste,1101104,202000,3.0,22.329999923706062
BR213_0,Brasil,BR,Itapuã do Oeste,1101104,202100,1.0,66.75999927520752
BR213_0,Brasil,BR,Itapuã do Oeste,1101104,202200,1.0,2.089999914169312
BR213_0,Brasil,BR,Itapuã do Oeste,1101104,202300,1.0,2.7551259368626755
BR213_0,Brasil,BR,Itapuã do Oeste,1101104,202300,3.0,0.0
BR213_0,Brasil,BR,Itapuã do Oeste,1101104,202400,1.0,4.150446369443827
BR213_0,Brasil,BR,Itapuã do Oeste,1101104,202502,1.0,0.0
BR213_0,Brasil,BR,Itapuã do Oeste,1101104,202502,2.0,4.340000152587888
BR213_0,Brasil,BR,Itapuã do Oeste,1101104,202502,3.0,2.5199999809265137
BR213_0,Brasil,BR,Itapuã do Oeste,1101104,202503,1.0,3.61447489784528
BR214_0,Brasil,BR,Manaus,1302603,201800,3.0,54.91097052048245
BR273_0,Brasil,BR,Jutaí,1302306,201800,4.0,17.01232864215885
BR285_0,Brasil,BR,Maués,1302900,201800,3.0,3.145486949807527
BR285_0,Brasil,BR,Maués,1302900,202100,3.0,1.8240634156435878
BR285_0,Brasil,BR,Maués,1302900,202200,3.0,2.0199999809265137
BR285_0,Brasil,BR,Maués,1302900,202400,3.0,5.380000114440919
BR298_0,Brasil,BR,Barcelos,1300409,202000,3.0,1.5099999904632568
BR329_0,Brasil,BR,Xambioá,1722107,201800,3.0,25.29999923706054
BR329_0,Brasil,BR,Xambioá,1722107,201900,3.0,6.329999893903732
BR329_0,Brasil,BR,Xambioá,1722107,202100,3.0,2.960000038146973
BR366_0,Brasil,BR,Oriximiná,1505304,202100,4.0,0.8100000023841858
BR366_0,Brasil,BR,Oriximiná,1505304,202200,4.0,1.340000033378601
BR366_0,Brasil,BR,Oriximiná,1505304,202300,4.0,0.0
BR366_0,Brasil,BR,Oriximiná,1505304,202400,4.0,5.260000020265579
BR366_0,Brasil,BR,Oriximiná,1505304,202503,4.0,5.909999787807465
BR397_0,Brasil,BR,Presidente Figueiredo,1303536,201800,3.0,0.7040574445555511
BR397_0,Brasil,BR,Presidente Figueiredo,1303536,202000,3.0,2.0799999237060547
BR397_0,Brasil,BR,Presidente Figueiredo,1303536,202100,3.0,0.10000000149011609
BR397_0,Brasil,BR,Presidente Figueiredo,1303536,202200,3.0,22.729999542236325
BR397_0,Brasil,BR,Presidente Figueiredo,1303536,202300,3.0,22.90000152587891
BR457_0,Brasil,BR,Alenquer,1500404,202300,3.0,2.619999885559083
BR457_0,Brasil,BR,Alenquer,1500404,202400,3.0,1.350000023841858
BR457_0,Brasil,BR,Alenquer,1500404,202502,3.0,1.0299999713897705
BR457_0,Brasil,BR,Almeirim,1500503,201800,3.0,69.20999889075757
BR457_0,Brasil,BR,Almeirim,1500503,201800,4.0,0.7800000309944152
BR457_0,Brasil,BR,Almeirim,1500503,201900,3.0,12.550000250339508
BR457_0,Brasil,BR,Almeirim,1500503,201900,4.0,0.019999999552965168
BR457_0,Brasil,BR,Almeirim,1500503,202000,3.0,6.809999754652381
BR457_0,Brasil,BR,Almeirim,1500503,202000,4.0,0.07000000029802321
BR457_0,Brasil,BR,Almeirim,1500503,202100,3.0,27.300000365823507
BR457_0,Brasil,BR,Almeirim,1500503,202200,3.0,48.720000920817256
BR457_0,Brasil,BR,Almeirim,1500503,202200,4.0,0.0
BR457_0,Brasil,BR,Almeirim,1500503,202300,3.0,26.589999675750736
BR457_0,Brasil,BR,Almeirim,1500503,202400,3.0,42.76999998465181
BR457_0,Brasil,BR,Almeirim,1500503,202400,4.0,0.7937711436393043
BR457_0,Brasil,BR,Almeirim,1500503,202502,3.0,36.66000035405159
BR457_0,Brasil,BR,Almeirim,1500503,202503,3.0,17.12000027857721
BR457_0,Brasil,BR,Almeirim,1500503,202503,4.0,2.4200000762939453
BR463_0,Brasil,BR,Caracaraí,1400209,201800,2.0,2.059999942779541
BR474_0,Brasil,BR,Sena Madureira,1200500,202503,3.0,2.320281581662742
BR532_0,Brasil,BR,Ananindeua,1500800,201800,3.0,24.846970443136996
BR532_0,Brasil,BR,Ananindeua,1500800,201800,4.0,0.4332144017589584
BR532_0,Brasil,BR,Belém,1501402,201800,3.0,0.0036983612915511537
BR561_0,Brasil,BR,Itaituba,1503606,201800,3.0,1.994524112443601
BR561_0,Brasil,BR,Itaituba,1503606,201900,2.0,0.019627914205558743
BR561_0,Brasil,BR,Itaituba,1503606,201900,3.0,2.2557586635294196
BR561_0,Brasil,BR,Itaituba,1503606,202000,2.0,1.0207723170605463
BR561_0,Brasil,BR,Itaituba,1503606,202000,3.0,0.6034034008161581
BR561_0,Brasil,BR,Itaituba,1503606,202100,2.0,0.05579232230613321
BR561_0,Brasil,BR,Itaituba,1503606,202100,3.0,0.8897303689395519
BR561_0,Brasil,BR,Itaituba,1503606,202200,3.0,0.9818664635757591
BR561_0,Brasil,BR,Itaituba,1503606,202300,2.0,0.013243645370248074
BR561_0,Brasil,BR,Itaituba,1503606,202400,2.0,0.0008751495370301032
BR561_0,Brasil,BR,Itaituba,1503606,202400,3.0,1.3967351037601774
BR561_0,Brasil,BR,Itaituba,1503606,202503,3.0,1.4534623196539305
BR561_0,Brasil,BR,Jacareacanga,1503754,201800,3.0,1051.564609944933
BR561_0,Brasil,BR,Jacareacanga,1503754,201900,2.0,0.34661493246446284
BR561_0,Brasil,BR,Jacareacanga,1503754,201900,3.0,233.93839732471082
BR561_0,Brasil,BR,Jacareacanga,1503754,202000,2.0,17.99194287347901
BR561_0,Brasil,BR,Jacareacanga,1503754,202000,3.0,224.58638827453544
BR561_0,Brasil,BR,Jacareacanga,1503754,202100,2.0,9.679514028023016
BR561_0,Brasil,BR,Jacareacanga,1503754,202100,3.0,185.21166203677947
BR561_0,Brasil,BR,Jacareacanga,1503754,202200,2.0,11.370545923904835
BR561_0,Brasil,BR,Jacareacanga,1503754,202200,3.0,242.3222695342076
BR561_0,Brasil,BR,Jacareacanga,1503754,202300,2.0,6.9685097956959
BR561_0,Brasil,BR,Jacareacanga,1503754,202300,3.0,93.08316252725285
BR561_0,Brasil,BR,Jacareacanga,1503754,202400,2.0,13.2256730231169
BR561_0,Brasil,BR,Jacareacanga,1503754,202400,3.0,162.2527508693257
BR561_0,Brasil,BR,Jacareacanga,1503754,202502,2.0,0.12999999523162842
BR561_0,Brasil,BR,Jacareacanga,1503754,202502,3.0,1.059263779848017
BR561_0,Brasil,BR,Jacareacanga,1503754,202503,2.0,6.386238415441483
BR561_0,Brasil,BR,Jacareacanga,1503754,202503,3.0,59.83320306857051
BR597_0,Brasil,BR,Alto Paraguai,5100508,202400,1.0,35.2378347932669
BR597_0,Brasil,BR,Alto Paraguai,5100508,202400,2.0,25.453192934468472
BR597_0,Brasil,BR,Alto Paraguai,5100508,202400,3.0,59.75937372789826
BR597_0,Brasil,BR,Alto Paraguai,5100508,202502,1.0,4.359797264728664
BR597_0,Brasil,BR,Alto Paraguai,5100508,202502,2.0,2.1798230221340282
BR597_0,Brasil,BR,Alto Paraguai,5100508,202502,3.0,5.680000066757202
BR601_0,Brasil,BR,Formoso do Araguaia,1708205,202503,3.0,16.959999084472656
BR632_0,Brasil,BR,Altamira,1500602,202000,3.0,3.1600000858306885
BR632_0,Brasil,BR,Altamira,1500602,202100,3.0,2.509999990463257
BR632_0,Brasil,BR,Altamira,1500602,202400,3.0,0.6600000262260435
BR652_0,Brasil,BR,Altamira,1500602,202100,3.0,3.529533868771121
BR652_0,Brasil,BR,Altamira,1500602,202200,3.0,0.13853180508097235
BR652_0,Brasil,BR,Altamira,1500602,202400,3.0,3.8860217232614853
BR652_0,Brasil,BR,Altamira,1500602,202502,3.0,1.8999999761581416
BR652_0,Brasil,BR,Altamira,1500602,202503,3.0,0.0
BR715_0,Brasil,BR,Alcântara,2100204,201800,3.0,6.679999828338622
BR715_0,Brasil,BR,Carutapera,2102903,201800,3.0,5.400000095367432
BR715_0,Brasil,BR,Carutapera,2102903,202200,3.0,13.710000097751616
BR715_0,Brasil,BR,Carutapera,2102903,202300,3.0,32.89999943971634
BR715_0,Brasil,BR,Carutapera,2102903,202400,3.0,39.28000044822693
BR715_0,Brasil,BR,Carutapera,2102903,202502,3.0,0.0
BR715_0,Brasil,BR,Carutapera,2102903,202503,3.0,7.1300000846385965
BR715_0,Brasil,BR,Cândido Mendes,2102606,201800,3.0,55.489840320807424
BR715_0,Brasil,BR,Cândido Mendes,2102606,202000,3.0,0.0
BR715_0,Brasil,BR,Cândido Mendes,2102606,202200,3.0,3.784249275311221
BR715_0,Brasil,BR,Cândido Mendes,2102606,202300,3.0,0.3101612216351177
BR715_0,Brasil,BR,Cândido Mendes,2102606,202503,2.0,6.269999980926515
BR715_0,Brasil,BR,Cândido Mendes,2102606,202503,3.0,5.603816494629856
BR715_0,Brasil,BR,Godofredo Viana,2104305,201800,3.0,23.536100425401163
BR715_0,Brasil,BR,Godofredo Viana,2104305,202000,1.0,8.779999732971191
BR715_0,Brasil,BR,Godofredo Viana,2104305,202000,3.0,0.04358773530984111
BR715_0,Brasil,BR,Godofredo Viana,2104305,202200,3.0,3.6262863355516766
BR715_0,Brasil,BR,Godofredo Viana,2104305,202300,3.0,58.13999938964845
BR715_0,Brasil,BR,Godofredo Viana,2104305,202502,1.0,91.31999993324278
BR715_0,Brasil,BR,Godofredo Viana,2104305,202502,2.0,51.56999969482422
BR715_0,Brasil,BR,Godofredo Viana,2104305,202502,3.0,0.13643752388387018
BR715_0,Brasil,BR,Godofredo Viana,2104305,202503,3.0,12.646175979837686
BR715_0,Brasil,BR,Luís Domingues,2106201,201900,3.0,12.860000133514404
BR715_0,Brasil,BR,Luís Domingues,2106201,202000,3.0,19.780000686645508
BR715_0,Brasil,BR,Luís Domingues,2106201,202100,3.0,65.6699994802475
BR715_0,Brasil,BR,Luís Domingues,2106201,202200,3.0,107.28000068664551
BR715_0,Brasil,BR,Luís Domingues,2106201,202300,3.0,30.120000124192806
BR715_0,Brasil,BR,Luís Domingues,2106201,202400,3.0,93.96999877691269
BR715_0,Brasil,BR,Luís Domingues,2106201,202502,3.0,10.07999986410141
BR715_0,Brasil,BR,Luís Domingues,2106201,202503,3.0,8.199999928474426
BR774_0,Brasil,BR,Maués,1302900,201800,4.0,0.32347955410063295
BR774_0,Brasil,BR,Maués,1302900,201900,4.0,21.78255769269101
BR774_0,Brasil,BR,Maués,1302900,202000,4.0,3.626058057088911
BR774_0,Brasil,BR,Maués,1302900,202100,3.0,0.0006443517892388466
BR774_0,Brasil,BR,Maués,1302900,202100,4.0,22.03999948501587
BR774_0,Brasil,BR,Maués,1302900,202200,4.0,106.71686676192886
BR774_0,Brasil,BR,Maués,1302900,202300,4.0,35.10725474554862
BR774_0,Brasil,BR,Maués,1302900,202400,4.0,88.18000021018088
BR774_0,Brasil,BR,Maués,1302900,202502,4.0,0.7535815509599858
BR774_0,Brasil,BR,Maués,1302900,202503,4.0,8.960756716460232
BR804_0,Brasil,BR,Altamira,1500602,201800,3.0,9.870000123977661
BR804_0,Brasil,BR,Altamira,1500602,201900,3.0,6.690000057220459
BR804_0,Brasil,BR,Altamira,1500602,202000,3.0,2.6800000667572026
BR804_0,Brasil,BR,Altamira,1500602,202100,3.0,0.0
BR804_0,Brasil,BR,Altamira,1500602,202200,3.0,0.0
BR811_0,Brasil,BR,Manicoré,1302702,201800,4.0,1.9700000286102295
BR811_0,Brasil,BR,Manicoré,1302702,202502,4.0,1.2300000190734863
BR811_0,Brasil,BR,Novo Aripuanã,1303304,202000,4.0,1.5199999809265141
BR811_0,Brasil,BR,Novo Aripuanã,1303304,202300,4.0,11.279999732971191
BR811_0,Brasil,BR,Novo Aripuanã,1303304,202400,4.0,55.71999895572662
BR811_0,Brasil,BR,Novo Aripuanã,1303304,202502,4.0,128.7799999117851
BR811_0,Brasil,BR,Novo Aripuanã,1303304,202503,4.0,2.6600000858306885
BR818_0,Brasil,BR,Manaus,1302603,201800,3.0,1.090000033378601
BR818_0,Brasil,BR,Manaus,1302603,202200,3.0,3.3199999332427987
BR83_0,Brasil,BR,Novo Aripuanã,1303304,202503,3.0,1.4465465747301962
BR850_0,Brasil,BR,Barcelos,1300409,202300,3.0,0.8500000238418577
BR879_0,Brasil,BR,Apuí,1300144,202200,3.0,2.4734459525350303
BR879_0,Brasil,BR,Apuí,1300144,202400,3.0,0.0
BR890_0,Brasil,BR,Borba,1300805,201800,4.0,30.059999942779527
BR890_0,Brasil,BR,Borba,1300805,201900,4.0,0.0
BR890_0,Brasil,BR,Borba,1300805,202200,4.0,1.8899999856948857
BR890_0,Brasil,BR,Borba,1300805,202502,4.0,3.309999942779541
BR890_0,Brasil,BR,Novo Aripuanã,1303304,202300,4.0,0.38999998569488525
BR924_0,Brasil,BR,São Gabriel da Cachoeira,1303809,202502,4.0,0.9700000286102295
BR944_0,Brasil,BR,Pedra Branca do Amapari,1600154,201800,2.0,6.667913506908054
BR944_0,Brasil,BR,Pedra Branca do Amapari,1600154,201900,2.0,0.19605840672579397
BR944_0,Brasil,BR,Pedra Branca do Amapari,1600154,202200,2.0,3.08454121579194
BR944_0,Brasil,BR,Pedra Branca do Amapari,1600154,202300,2.0,9.792259971228994
BR944_0,Brasil,BR,Pedra Branca do Amapari,1600154,202400,2.0,3.9647211859709355
BR944_0,Brasil,BR,Pedra Branca do Amapari,1600154,202503,2.0,2.065385564773091
BR957_0,Brasil,BR,Monção,2106904,202100,3.0,12.859999656677246
BR957_0,Brasil,BR,Pindaré-Mirim,2108504,201800,3.0,39.040000915527344
BR957_0,Brasil,BR,Pindaré-Mirim,2108504,201900,3.0,1.0700000524520872
BR957_0,Brasil,BR,Pindaré-Mirim,2108504,202200,3.0,4.449999809265136
BR957_0,Brasil,BR,Santa Helena,2109809,202200,3.0,9.960000038146976
BR997_0,Brasil,BR,Almeirim,1500503,201800,4.0,21.739999771118164
BR997_0,Brasil,BR,Almeirim,1500503,201900,1.0,14.01999998092651
BR997_0,Brasil,BR,Almeirim,1500503,201900,4.0,0.019999999552965168
BR997_0,Brasil,BR,Almeirim,1500503,202000,1.0,12.499999541789292
BR997_0,Brasil,BR,Almeirim,1500503,202000,4.0,10.8600001335144
BR997_0,Brasil,BR,Almeirim,1500503,202100,1.0,15.980000257492067
BR997_0,Brasil,BR,Almeirim,1500503,202100,4.0,8.599999845027922
BR997_0,Brasil,BR,Almeirim,1500503,202200,1.0,8.539999891072512
BR997_0,Brasil,BR,Almeirim,1500503,202200,4.0,5.769999980926513
BR997_0,Brasil,BR,Almeirim,1500503,202300,1.0,6.210000038146973
BR997_0,Brasil,BR,Almeirim,1500503,202300,4.0,9.16000008583069
BR997_0,Brasil,BR,Almeirim,1500503,202400,1.0,1.849999979138374
BR997_0,Brasil,BR,Almeirim,1500503,202400,4.0,8.469999814406036
BR997_0,Brasil,BR,Almeirim,1500503,202502,1.0,13.760000228881836
BR997_0,Brasil,BR,Almeirim,1500503,202502,4.0,0.10000000149011612
BR997_0,Brasil,BR,Almeirim,1500503,202503,4.0,5.779999941587448
CO131_0,Colombia,CO,Cauca,19,201800,4.0,0.7400000095367432
CO131_0,Colombia,CO,Cauca,19,202100,4.0,0.588735792369779
CO146_0,Colombia,CO,Amazonas,91,202503,4.0,108.43541906581144
CO434_0,Colombia,CO,Putumayo,86,202503,4.0,10.913204238233336
CO55_0,Colombia,CO,Guainía,94,201800,4.0,14.090000152587889
CO55_0,Colombia,CO,Guainía,94,202200,4.0,3.1600000858306885
ECv_fa210_snap_a.16_0,Ecuador,EC,CASCALES,2106,202400,4.0,1.3607129339158226
ECv_fa210_snap_a.30_0,Ecuador,EC,YANTZAZA,1905,201800,4.0,0.26236173650285066
ECv_fa210_snap_a.30_0,Ecuador,EC,YANTZAZA,1905,202400,4.0,0.11266959891135134
ECv_fa210_snap_a.30_0,Ecuador,EC,YANTZAZA,1905,202503,4.0,4.82525243547169
ECv_fa210_snap_a.63_0,Ecuador,EC,YACUAMBI,1904,202400,4.0,30.762459979479395
ECv_fa210_snap_a.7_0,Ecuador,EC,PALORA,1404,202400,4.0,15.445007682215014
ECv_fa210_snap_a.7_0,Ecuador,EC,PALORA,1404,202503,4.0,2.4993559277624717
ECv_fa210_snap_a.8_0,Ecuador,EC,ARCHIDONA,1503,201900,4.0,4.620000004768372
ECv_fa210_snap_a.8_0,Ecuador,EC,EL CHACO,1504,202100,4.0,0.46000000834465016
ECv_fa210_snap_a.8_0,Ecuador,EC,EL CHACO,1504,202300,4.0,0.7200000286102295
ECv_fa210_snap_a.8_0,Ecuador,EC,FRANCISCO DE ORELLANA,2201,202400,4.0,0.4379263573165512
GF12001_0,Guyana_Francesa,GF,Saint-Élie,GF1358,201800,0.0,5.539941687621659
GF12019_0,Guyana_Francesa,GF,Saint-Laurent-du-Maroni,GF2311,201800,0.0,129.01441770212423
GF12019_0,Guyana_Francesa,GF,Saint-Laurent-du-Maroni,GF2311,201900,0.0,17.598357367348168
GF12019_0,Guyana_Francesa,GF,Saint-Laurent-du-Maroni,GF2311,202000,0.0,17.1900005415082
GF12019_0,Guyana_Francesa,GF,Saint-Laurent-du-Maroni,GF2311,202100,0.0,7.344484034226497
GF12019_0,Guyana_Francesa,GF,Saint-Laurent-du-Maroni,GF2311,202200,0.0,17.46228518842443
GF12019_0,Guyana_Francesa,GF,Saint-Laurent-du-Maroni,GF2311,202300,0.0,38.91942620550288
GF12019_0,Guyana_Francesa,GF,Saint-Laurent-du-Maroni,GF2311,202400,0.0,34.10615067924363
GF12019_0,Guyana_Francesa,GF,Saint-Laurent-du-Maroni,GF2311,202502,0.0,17.42999958992005
GF12019_0,Guyana_Francesa,GF,Saint-Laurent-du-Maroni,GF2311,202503,0.0,6.16000008583069
GF12023_0,Guyana_Francesa,GF,Papaïchton,GF2362,201800,0.0,1.3582844712445756
GF12023_0,Guyana_Francesa,GF,Papaïchton,GF2362,201900,0.0,0.6299999952316283
GF12023_0,Guyana_Francesa,GF,Papaïchton,GF2362,202000,0.0,6.1700000762939435
GF12023_0,Guyana_Francesa,GF,Papaïchton,GF2362,202100,0.0,1.432820068742317
GF12023_0,Guyana_Francesa,GF,Papaïchton,GF2362,202200,0.0,2.7404068871413125
GF12023_0,Guyana_Francesa,GF,Papaïchton,GF2362,202300,0.0,1.2976346710457394
GF12023_0,Guyana_Francesa,GF,Papaïchton,GF2362,202400,0.0,9.215115327778243
GF12023_0,Guyana_Francesa,GF,Papaïchton,GF2362,202502,0.0,1.6700000166893003
GF12023_0,Guyana_Francesa,GF,Papaïchton,GF2362,202503,0.0,15.234530649332832
GF12033_0,Guyana_Francesa,GF,Roura,GF1310,201800,0.0,0.8151828203859278
GF12033_0,Guyana_Francesa,GF,Roura,GF1310,202000,0.0,0.0033538133196529883
GF12315_0,Guyana_Francesa,GF,Camopi,GF1356,201800,0.0,10.710000216960907
GF12315_0,Guyana_Francesa,GF,Camopi,GF1356,201900,0.0,1.4700000286102295
GF12315_0,Guyana_Francesa,GF,Camopi,GF1356,202000,0.0,1.7200000286102295
GF12315_0,Guyana_Francesa,GF,Camopi,GF1356,202100,0.0,1.430000014603138
GF12315_0,Guyana_Francesa,GF,Camopi,GF1356,202200,0.0,5.579999923706056
GF12315_0,Guyana_Francesa,GF,Camopi,GF1356,202300,0.0,1.4099999666213987
GF12315_0,Guyana_Francesa,GF,Camopi,GF1356,202400,0.0,3.0199999660253525
GF12315_0,Guyana_Francesa,GF,Camopi,GF1356,202502,0.0,1.7900000363588333
GF12315_0,Guyana_Francesa,GF,Camopi,GF1356,202503,0.0,2.780000099912286
GF12315_0,Guyana_Francesa,GF,Maripasoula,GF2353,201800,0.0,55.29999965429306
GF12315_0,Guyana_Francesa,GF,Maripasoula,GF2353,201900,0.0,6.469999909400941
GF12315_0,Guyana_Francesa,GF,Maripasoula,GF2353,202000,0.0,1.7000000178813937
GF12315_0,Guyana_Francesa,GF,Maripasoula,GF2353,202100,0.0,10.141807611872215
GF12315_0,Guyana_Francesa,GF,Maripasoula,GF2353,202200,0.0,13.990000009536743
GF12315_0,Guyana_Francesa,GF,Maripasoula,GF2353,202300,0.0,3.5160131027008585
GF12315_0,Guyana_Francesa,GF,Maripasoula,GF2353,202400,0.0,10.32999999821186
GF12315_0,Guyana_Francesa,GF,Maripasoula,GF2353,202502,0.0,1.2300000190734863
GF12315_0,Guyana_Francesa,GF,Maripasoula,GF2353,202503,0.0,15.590000152587892
GF12315_0,Guyana_Francesa,GF,Papaïchton,GF2362,201800,0.0,20.919627180905856
GF12315_0,Guyana_Francesa,GF,Papaïchton,GF2362,201900,0.0,5.784791626387067
GF12315_0,Guyana_Francesa,GF,Papaïchton,GF2362,202000,0.0,8.721090804976537
GF12315_0,Guyana_Francesa,GF,Papaïchton,GF2362,202100,0.0,3.102937095480317
GF12315_0,Guyana_Francesa,GF,Papaïchton,GF2362,202200,0.0,7.679733950253749
GF12315_0,Guyana_Francesa,GF,Papaïchton,GF2362,202300,0.0,1.5718479408230552
GF12315_0,Guyana_Francesa,GF,Papaïchton,GF2362,202400,0.0,10.713626729598403
GF12315_0,Guyana_Francesa,GF,Papaïchton,GF2362,202502,0.0,1.6700000166893003
GF12315_0,Guyana_Francesa,GF,Papaïchton,GF2362,202503,0.0,15.653224942462838
GF12315_0,Guyana_Francesa,GF,Saül,GF2352,201800,0.0,4.150000184774399
GF12315_0,Guyana_Francesa,GF,Saül,GF2352,201900,0.0,1.8293038622789848
GF12315_0,Guyana_Francesa,GF,Saül,GF2352,202400,0.0,0.024314597236075958
GF12317_0,Guyana_Francesa,GF,Roura,GF1310,201800,0.0,326.5299997329712
GF12317_0,Guyana_Francesa,GF,Roura,GF1310,201900,0.0,102.4399988949299
GF12317_0,Guyana_Francesa,GF,Roura,GF1310,202000,0.0,90.61999999359261
GF12317_0,Guyana_Francesa,GF,Roura,GF1310,202100,0.0,49.059999883174896
GF12317_0,Guyana_Francesa,GF,Roura,GF1310,202200,0.0,13.209999680519104
GF12317_0,Guyana_Francesa,GF,Roura,GF1310,202300,0.0,20.7799997329712
GF12317_0,Guyana_Francesa,GF,Roura,GF1310,202400,0.0,32.229999780654914
GF12317_0,Guyana_Francesa,GF,Roura,GF1310,202502,0.0,17.019999980926514
GF12317_0,Guyana_Francesa,GF,Roura,GF1310,202503,0.0,17.809999614953995
GF12318_0,Guyana_Francesa,GF,Roura,GF1310,201800,0.0,15.27999973297119
GF12318_0,Guyana_Francesa,GF,Roura,GF1310,202000,0.0,0.8371276790322264
GY15001_0,Guyana,GY,Potaro-Siparuni,GY08,201800,0.0,6.949999809265136
GY15001_0,Guyana,GY,Potaro-Siparuni,GY08,202100,0.0,5.389999866485597
GY15001_0,Guyana,GY,Potaro-Siparuni,GY08,202200,0.0,9.609999656677246
GY15001_0,Guyana,GY,Potaro-Siparuni,GY08,202300,0.0,4.260000228881836
GY15001_0,Guyana,GY,Potaro-Siparuni,GY08,202503,0.0,14.670000195503235
GY15003_0,Guyana,GY,Potaro-Siparuni,GY08,202100,0.0,2.307042604862555
GY15003_0,Guyana,GY,Potaro-Siparuni,GY08,202502,0.0,7.119999885559082
GY15003_0,Guyana,GY,Potaro-Siparuni,GY08,202503,0.0,0.0
PE106_0,Peru,PE,LAMAS,2205,201800,4.0,6.360000133514403
PE106_0,Peru,PE,LAMAS,2205,201900,4.0,3.369999885559082
PE136_0,Peru,PE,CANCHIS,0806,202502,4.0,22.639999389648438
PE15_0,Peru,PE,MARISCAL CACERES,2206,201900,3.0,21.830000400543213
PE15_0,Peru,PE,MARISCAL CACERES,2206,202000,3.0,3.4199999570846553
PE16_0,Peru,PE,OXAPAMPA,1903,202300,4.0,9.82999986410141
PE17_0,Peru,PE,CARABAYA,2103,202100,3.0,11.359999656677248
PE17_0,Peru,PE,CARABAYA,2103,202400,1.0,58.6323397272064
PE17_0,Peru,PE,CARABAYA,2103,202400,2.0,8.001762870255368
PE17_0,Peru,PE,CARABAYA,2103,202400,3.0,432.9605172705326
PE17_0,Peru,PE,CARABAYA,2103,202400,4.0,3.5886883076881686
PE17_0,Peru,PE,CARABAYA,2103,202502,1.0,0.0015586078565726549
PE17_0,Peru,PE,CARABAYA,2103,202503,1.0,3.0199598627769912
PE17_0,Peru,PE,CARABAYA,2103,202503,2.0,3.0275922314645056
PE17_0,Peru,PE,CARABAYA,2103,202503,3.0,4.500000000000001
PE17_0,Peru,PE,SANDIA,2112,202300,3.0,2.6499906664568513
PE17_0,Peru,PE,SANDIA,2112,202400,1.0,16.947477729944524
PE17_0,Peru,PE,SANDIA,2112,202400,2.0,6.772331974488431
PE17_0,Peru,PE,SANDIA,2112,202400,3.0,87.70561699814287
PE17_0,Peru,PE,SANDIA,2112,202400,4.0,49.96000099182129
PE17_0,Peru,PE,SANDIA,2112,202502,3.0,5.57167084984628
PE17_0,Peru,PE,SANDIA,2112,202503,3.0,6.023601985129909
PE17_0,Peru,PE,TAMBOPATA,1701,201800,3.0,1680.3268343195346
PE17_0,Peru,PE,TAMBOPATA,1701,201900,3.0,90.53111003689868
PE17_0,Peru,PE,TAMBOPATA,1701,202000,3.0,53.84999942779541
PE17_0,Peru,PE,TAMBOPATA,1701,202100,3.0,44.51000016927719
PE17_0,Peru,PE,TAMBOPATA,1701,202200,3.0,20.310000419616703
PE17_0,Peru,PE,TAMBOPATA,1701,202300,3.0,31.489999771118164
PE17_0,Peru,PE,TAMBOPATA,1701,202300,4.0,0.3858196377920881
PE17_0,Peru,PE,TAMBOPATA,1701,202400,3.0,281.4987492598875
PE17_0,Peru,PE,TAMBOPATA,1701,202400,4.0,245.26281779554444
PE17_0,Peru,PE,TAMBOPATA,1701,202502,3.0,127.42937530730467
PE17_0,Peru,PE,TAMBOPATA,1701,202502,4.0,63.11643495623278
PE18_0,Peru,PE,UCAYALI,1606,201900,4.0,28.40999972820282
PE203_0,Peru,PE,MAYNAS,1601,202502,1.0,1.3355091326592277
PE23_0,Peru,PE,CORONEL PORTILLO,2501,202100,3.0,0.8799999952316284
PE23_0,Peru,PE,REQUENA,1605,201800,4.0,1.5299999713897705
PE23_0,Peru,PE,REQUENA,1605,202200,4.0,41.50332362666482
PE23_0,Peru,PE,REQUENA,1605,202300,4.0,9.40999984741211
PE23_0,Peru,PE,UCAYALI,1606,202200,4.0,129.40859223344728
PE23_0,Peru,PE,UCAYALI,1606,202300,4.0,4.1600000858306885
PE26_0,Peru,PE,PUERTO INCA,1009,202100,1.0,9.560000419616703
PE26_0,Peru,PE,PUERTO INCA,1009,202200,3.0,22.31999969482422
PE26_0,Peru,PE,PUERTO INCA,1009,202300,2.0,0.9399999976158142
PE26_0,Peru,PE,PUERTO INCA,1009,202300,3.0,8.03999996185303
PE26_0,Peru,PE,PUERTO INCA,1009,202400,3.0,649.0935240060213
PE26_0,Peru,PE,PUERTO INCA,1009,202502,1.0,5.5500001907348615
PE26_0,Peru,PE,PUERTO INCA,1009,202502,2.0,10.360000133514404
PE26_0,Peru,PE,PUERTO INCA,1009,202502,3.0,75.99999965168536
PE26_0,Peru,PE,PUERTO INCA,1009,202502,4.0,13.289999961853031
PE26_0,Peru,PE,PUERTO INCA,1009,202503,3.0,48.23000007867814
PE278_0,Peru,PE,PUERTO INCA,1009,202502,4.0,0.13797076934460012
PE27_0,Peru,PE,MANU,1702,201800,1.0,5.190000057220461
PE27_0,Peru,PE,MANU,1702,201800,2.0,3.849999904632569
PE27_0,Peru,PE,MANU,1702,201800,3.0,301.4963857028672
PE27_0,Peru,PE,MANU,1702,201800,4.0,6626.418998721015
PE27_0,Peru,PE,MANU,1702,201900,1.0,58.16650120498788
PE27_0,Peru,PE,MANU,1702,201900,2.0,4.499999999999999
PE27_0,Peru,PE,MANU,1702,201900,3.0,70.95000037550926
PE27_0,Peru,PE,MANU,1702,202000,1.0,44.83028669207785
PE27_0,Peru,PE,MANU,1702,202000,2.0,39.90945503717719
PE27_0,Peru,PE,MANU,1702,202000,3.0,39.230000518262386
PE27_0,Peru,PE,MANU,1702,202000,4.0,3.7899999618530273
PE27_0,Peru,PE,MANU,1702,202100,1.0,110.11609360378571
PE27_0,Peru,PE,MANU,1702,202100,2.0,36.92967499393686
PE27_0,Peru,PE,MANU,1702,202100,3.0,174.19976509317192
PE27_0,Peru,PE,MANU,1702,202100,4.0,5.599999904632569
PE27_0,Peru,PE,MANU,1702,202200,1.0,45.619999684393406
PE27_0,Peru,PE,MANU,1702,202200,2.0,21.48742143828361
PE27_0,Peru,PE,MANU,1702,202200,3.0,186.78355274328473
PE27_0,Peru,PE,MANU,1702,202200,4.0,62.52764010422939
PE27_0,Peru,PE,MANU,1702,202300,1.0,44.02372010288063
PE27_0,Peru,PE,MANU,1702,202300,2.0,0.41999998688697815
PE27_0,Peru,PE,MANU,1702,202300,3.0,164.98500201948414
PE27_0,Peru,PE,MANU,1702,202400,1.0,59.205878730597505
PE27_0,Peru,PE,MANU,1702,202400,2.0,30.439999878406525
PE27_0,Peru,PE,MANU,1702,202400,3.0,859.7703435922233
PE27_0,Peru,PE,MANU,1702,202400,4.0,53.14731912953827
PE27_0,Peru,PE,MANU,1702,202502,1.0,2.860000012442469
PE27_0,Peru,PE,MANU,1702,202502,2.0,0.0
PE27_0,Peru,PE,MANU,1702,202502,3.0,263.9000013768673
PE27_0,Peru,PE,MANU,1702,202502,4.0,17.176211896495353
PE27_0,Peru,PE,MANU,1702,202503,1.0,10.189999580383299
PE27_0,Peru,PE,MANU,1702,202503,2.0,3.0500000715255737
PE27_0,Peru,PE,MANU,1702,202503,3.0,54.420000076293945
PE27_0,Peru,PE,QUISPICANCHI,0812,201900,3.0,12.470000267028809
PE27_0,Peru,PE,QUISPICANCHI,0812,202400,1.0,10.578059410328477
PE27_0,Peru,PE,QUISPICANCHI,0812,202400,2.0,21.55242096970825
PE27_0,Peru,PE,QUISPICANCHI,0812,202400,3.0,39.83502094130563
PE29_0,Peru,PE,LA CONVENCION,0809,201800,3.0,0.6000000238418579
PE29_0,Peru,PE,LA CONVENCION,0809,202100,3.0,18.069152370491036
PE336_0,Peru,PE,MAYNAS,1601,202000,1.0,0.014850667928957754
PE336_0,Peru,PE,MAYNAS,1601,202100,1.0,0.13159303595661284
PE336_0,Peru,PE,MAYNAS,1601,202502,1.0,26.799009103097877
PE336_0,Peru,PE,MAYNAS,1601,202503,1.0,0.0743441676917735
PE357_0,Peru,PE,TAMBOPATA,1701,201900,4.0,0.5302206642448299
PE357_0,Peru,PE,TAMBOPATA,1701,202400,4.0,0.7241755951156802
PE357_0,Peru,PE,TAMBOPATA,1701,202503,3.0,0.1931518719085347
PE359_0,Peru,PE,MANU,1702,202200,4.0,0.008718403592803643
PE359_0,Peru,PE,MANU,1702,202400,4.0,6.746267349946403
PE45_0,Peru,PE,LORETO,1603,202502,3.0,2.6500000953674316
PE46_0,Peru,PE,CARABAYA,2103,202400,4.0,0.6331676125731958
PE46_0,Peru,PE,TAMBOPATA,1701,201800,3.0,11875.069321158315
PE46_0,Peru,PE,TAMBOPATA,1701,201800,4.0,1567.1676279121884
PE46_0,Peru,PE,TAMBOPATA,1701,201900,1.0,0.1299999952316284
PE46_0,Peru,PE,TAMBOPATA,1701,201900,2.0,0.25
PE46_0,Peru,PE,TAMBOPATA,1701,201900,3.0,443.54313030425146
PE46_0,Peru,PE,TAMBOPATA,1701,202000,2.0,4.889999866485596
PE46_0,Peru,PE,TAMBOPATA,1701,202000,3.0,148.1753360820033
PE46_0,Peru,PE,TAMBOPATA,1701,202000,4.0,23.130000114440918
PE46_0,Peru,PE,TAMBOPATA,1701,202100,3.0,136.72876984266676
PE46_0,Peru,PE,TAMBOPATA,1701,202100,4.0,13.649999618530273
PE46_0,Peru,PE,TAMBOPATA,1701,202200,1.0,0.23999999463558197
PE46_0,Peru,PE,TAMBOPATA,1701,202200,2.0,0.0
PE46_0,Peru,PE,TAMBOPATA,1701,202200,3.0,130.18593413265327
PE46_0,Peru,PE,TAMBOPATA,1701,202200,4.0,1.5999999046325684
PE46_0,Peru,PE,TAMBOPATA,1701,202300,1.0,12.289999961853027
PE46_0,Peru,PE,TAMBOPATA,1701,202300,3.0,177.82912170997074
PE46_0,Peru,PE,TAMBOPATA,1701,202300,4.0,3.60999995470047
PE46_0,Peru,PE,TAMBOPATA,1701,202400,3.0,751.4437523993316
PE46_0,Peru,PE,TAMBOPATA,1701,202400,4.0,314.94776522861525
PE46_0,Peru,PE,TAMBOPATA,1701,202502,2.0,0.27000001072883606
PE46_0,Peru,PE,TAMBOPATA,1701,202502,3.0,694.936115139799
PE46_0,Peru,PE,TAMBOPATA,1701,202502,4.0,45.09341565756681
PE46_0,Peru,PE,TAMBOPATA,1701,202503,3.0,134.42438216060475
PE47_0,Peru,PE,MAYNAS,1601,202000,3.0,11.289999961853027
PE47_0,Peru,PE,MAYNAS,1601,202400,1.0,23.28000068664551
PE47_0,Peru,PE,MAYNAS,1601,202400,3.0,5.300000190734864
PE47_0,Peru,PE,MAYNAS,1601,202502,1.0,50.80932377155031
PE47_0,Peru,PE,MAYNAS,1601,202502,3.0,5.760000228881837
PE47_0,Peru,PE,MAYNAS,1601,202503,1.0,15.120000004768372
PE47_0,Peru,PE,MAYNAS,1601,202503,3.0,36.89000058174133
PE6_0,Peru,PE,RIOJA,2208,201900,3.0,6.340000152587892
PE751_0,Peru,PE,LA CONVENCION,0809,201800,3.0,0.6000000238418579
PE751_0,Peru,PE,LA CONVENCION,0809,202100,3.0,30.279999732971188
PE751_0,Peru,PE,SATIPO,1206,202100,3.0,0.5799999833106995
PE810_0,Peru,PE,MARISCAL CACERES,2206,201800,3.0,0.7099999785423278
PE810_0,Peru,PE,MARISCAL CACERES,2206,201900,3.0,21.830000400543213
PE810_0,Peru,PE,MARISCAL CACERES,2206,202000,3.0,3.4199999570846553
PE810_0,Peru,PE,PATAZ,1308,202502,3.0,12.203251391146289
PE810_0,Peru,PE,SIHUAS,0219,202502,3.0,0.2793709559704698
PE860_0,Peru,PE,OXAPAMPA,1903,202300,4.0,9.82999986410141
PE93_0,Peru,PE,LA CONVENCION,0809,202100,3.0,18.92000007629394
SR19010_0,Suriname,SR,Saramacca,SR08,202400,0.0,20.48000025749207
SR19013_0,Suriname,SR,Brokopondo,SR01,201800,0.0,19.274795713075015
SR19013_0,Suriname,SR,Brokopondo,SR01,201900,0.0,34.58279065026775
SR19013_0,Suriname,SR,Brokopondo,SR01,202000,0.0,47.230002596974366
SR19013_0,Suriname,SR,Brokopondo,SR01,202100,0.0,67.49000078439713
SR19013_0,Suriname,SR,Brokopondo,SR01,202200,0.0,4.490154390197773
SR19013_0,Suriname,SR,Brokopondo,SR01,202300,0.0,2.630831912314044
SR19013_0,Suriname,SR,Brokopondo,SR01,202400,0.0,8.710000038146974
SR19013_0,Suriname,SR,Brokopondo,SR01,202502,0.0,8.540000319480896
SR19013_0,Suriname,SR,Brokopondo,SR01,202503,0.0,17.46000003814697
SR19030_0,Suriname,SR,Brokopondo,SR01,201800,0.0,300.9827241056474
SR19030_0,Suriname,SR,Brokopondo,SR01,201900,0.0,49.90223488810909
SR19030_0,Suriname,SR,Brokopondo,SR01,202000,0.0,39.267303342951394
SR19030_0,Suriname,SR,Brokopondo,SR01,202100,0.0,38.80949589655397
SR19030_0,Suriname,SR,Brokopondo,SR01,202200,0.0,37.82920806146276
SR19030_0,Suriname,SR,Brokopondo,SR01,202300,0.0,30.75354605387256
SR19030_0,Suriname,SR,Brokopondo,SR01,202400,0.0,73.99000024795532
SR19030_0,Suriname,SR,Brokopondo,SR01,202502,0.0,30.864267549785456
SR19030_0,Suriname,SR,Brokopondo,SR01,202503,0.0,11.180000543594362
VE55005_0,Venezuela,VE,Ariapo,VE071002,201900,0.0,0.4614494215756479
VE55005_0,Venezuela,VE,Barceloneta,VE070702,201800,0.0,20.140555456543417
VE55005_0,Venezuela,VE,Barceloneta,VE070702,201900,0.0,10.368550581894066
VE55005_0,Venezuela,VE,Barceloneta,VE070702,202000,0.0,15.399999618530275
VE55005_0,Venezuela,VE,Barceloneta,VE070702,202100,0.0,1.5599999427795415
VE55005_0,Venezuela,VE,Barceloneta,VE070702,202200,0.0,0.709999978542328
VE55005_0,Venezuela,VE,Barceloneta,VE070702,202300,0.0,12.140000132843854
VE55005_0,Venezuela,VE,Barceloneta,VE070702,202400,0.0,0.17000000178813934
VE55005_0,Venezuela,VE,Barceloneta,VE070702,202502,0.0,0.0
VE55005_0,Venezuela,VE,Barceloneta,VE070702,202503,0.0,1.0199999809265137
VE55018_0,Venezuela,VE,Guayapo,VE020404,202200,0.0,18.47000062465668
VE55018_0,Venezuela,VE,Guayapo,VE020404,202300,0.0,11.84000015258789
VE55018_0,Venezuela,VE,Guayapo,VE020404,202400,0.0,0.5600000023841858
VE55018_0,Venezuela,VE,Guayapo,VE020404,202503,0.0,2.7699999809265137
VE55018_0,Venezuela,VE,Medio Ventuari,VE020602,201900,0.0,1.6299999952316284
VE55018_0,Venezuela,VE,Medio Ventuari,VE020602,202400,0.0,9.110000371932983
VE55018_0,Venezuela,VE,Yacapana,VE020202,202502,0.0,6.369999945163727
VE55021_0,Venezuela,VE,Bajo Ventuari,VE020603,202400,0.0,5.079999923706055
VE55030_0,Venezuela,VE,Ascensión Farreras,VE070203,202100,0.0,1.100000023841858
VE55030_0,Venezuela,VE,Ascensión Farreras,VE070203,202503,0.0,1.3700000047683716
VE55030_0,Venezuela,VE,Medio Ventuari,VE020602,202300,0.0,2.4299998283386226
VE55030_0,Venezuela,VE,Medio Ventuari,VE020602,202400,0.0,0.0
VE55030_0,Venezuela,VE,Medio Ventuari,VE020602,202503,0.0,0.3199999928474426
VE55035_0,Venezuela,VE,Barceloneta,VE070702,201800,0.0,154.5314556246554
VE55035_0,Venezuela,VE,Barceloneta,VE070702,201900,0.0,31.638827374533008
VE55035_0,Venezuela,VE,Barceloneta,VE070702,202000,0.0,58.95484241437925
VE55035_0,Venezuela,VE,Barceloneta,VE070702,202100,0.0,5.663683898859201
VE55035_0,Venezuela,VE,Barceloneta,VE070702,202200,0.0,8.89558392702286
VE55035_0,Venezuela,VE,Barceloneta,VE070702,202300,0.0,68.10603891556015
VE55035_0,Venezuela,VE,Barceloneta,VE070702,202400,0.0,6.012410185239759
VE55035_0,Venezuela,VE,Barceloneta,VE070702,202502,0.0,6.347923529242619
VE55035_0,Venezuela,VE,Barceloneta,VE070702,202503,0.0,14.229641869342242
VE55035_0,Venezuela,VE,Ikabaru,VE070402,201800,0.0,41.4796514700142
VE55035_0,Venezuela,VE,Ikabaru,VE070402,201900,0.0,25.171721092160922
VE55035_0,Venezuela,VE,Ikabaru,VE070402,202000,0.0,7.2206718470041515
VE55035_0,Venezuela,VE,Ikabaru,VE070402,202100,0.0,4.968114268538531
VE55035_0,Venezuela,VE,Ikabaru,VE070402,202200,0.0,6.165317989976978
VE55035_0,Venezuela,VE,Ikabaru,VE070402,202300,0.0,11.837512438499807
VE55035_0,Venezuela,VE,Ikabaru,VE070402,202400,0.0,11.576661514379884
VE55035_0,Venezuela,VE,Ikabaru,VE070402,202502,0.0,3.8364162556827375
VE55035_0,Venezuela,VE,Ikabaru,VE070402,202503,0.0,2.2882780907398423
VE55035_0,Venezuela,VE,Pedro Cova,VE070603,201800,0.0,2.519999980926513
VE55035_0,Venezuela,VE,Pedro Cova,VE070603,202000,0.0,4.420000076293947
VE55035_0,Venezuela,VE,Pedro Cova,VE070603,202400,0.0,9.729999542236328
VE55035_0,Venezuela,VE,San Isidro,VE070903,201800,0.0,55.37622129902812
VE55035_0,Venezuela,VE,San Isidro,VE070903,202000,0.0,2.4099998474121094
VE55035_0,Venezuela,VE,San Isidro,VE070903,202100,0.0,6.920000076293945
VE55035_0,Venezuela,VE,San Isidro,VE070903,202300,0.0,1.5000000000000004
VE55035_0,Venezuela,VE,San Isidro,VE070903,202400,0.0,0.3499999940395356
VE55035_0,Venezuela,VE,Sección Capital Gran Sabana,VE070401,201800,0.0,1062.979447238532
VE55035_0,Venezuela,VE,Sección Capital Gran Sabana,VE070401,201900,0.0,293.28577898689286
VE55035_0,Venezuela,VE,Sección Capital Gran Sabana,VE070401,202000,0.0,199.7829566034387
VE55035_0,Venezuela,VE,Sección Capital Gran Sabana,VE070401,202100,0.0,69.97361085869348
VE55035_0,Venezuela,VE,Sección Capital Gran Sabana,VE070401,202200,0.0,89.34552616293625
VE55035_0,Venezuela,VE,Sección Capital Gran Sabana,VE070401,202300,0.0,198.535585724181
VE55035_0,Venezuela,VE,Sección Capital Gran Sabana,VE070401,202400,0.0,199.1993139619505
VE55035_0,Venezuela,VE,Sección Capital Gran Sabana,VE070401,202502,0.0,69.70689302229304
VE55035_0,Venezuela,VE,Sección Capital Gran Sabana,VE070401,202503,0.0,20.771206496860216
VE55038_0,Venezuela,VE,Huachamacare,VE020102,202502,0.0,0.3700000047683715
VE55038_0,Venezuela,VE,Marawaka,VE020103,202300,0.0,4.700000166893005
VE55038_0,Venezuela,VE,Marawaka,VE020103,202400,0.0,0.0
VE55038_0,Venezuela,VE,Marawaka,VE020103,202502,0.0,0.20999999344348913
VE55040_0,Venezuela,VE,Mavaca,VE020104,202100,0.0,7.989999771118164
VE55040_0,Venezuela,VE,Mavaca,VE020104,202200,0.0,13.579999327659614
VE55040_0,Venezuela,VE,Mavaca,VE020104,202300,0.0,0.8399999737739563
VE55040_0,Venezuela,VE,Mavaca,VE020104,202400,0.0,9.329999774694443
VE55040_0,Venezuela,VE,Mavaca,VE020104,202502,0.0,2.990000009536743
VE55040_0,Venezuela,VE,Mavaca,VE020104,202503,0.0,4.5300000905990565
VE55040_0,Venezuela,VE,Sierra Parima,VE020105,202000,0.0,7.15000009536743
VE55040_0,Venezuela,VE,Sierra Parima,VE020105,202100,0.0,73.18000006675722
VE55040_0,Venezuela,VE,Sierra Parima,VE020105,202200,0.0,5.4399998281151065
VE55040_0,Venezuela,VE,Sierra Parima,VE020105,202300,0.0,7.890000224113464
VE55040_0,Venezuela,VE,Sierra Parima,VE020105,202400,0.0,14.540000205859542
VE55040_0,Venezuela,VE,Sierra Parima,VE020105,202502,0.0,0.25999999046325684
VE55040_0,Venezuela,VE,Sierra Parima,VE020105,202503,0.0,25.970000445842746
VE55041_0,Venezuela,VE,Solano,VE020701,201800,0.0,12.930000305175783
VE55041_0,Venezuela,VE,Solano,VE020701,201900,0.0,1.0000000000000004
VE55041_0,Venezuela,VE,Solano,VE020701,202000,0.0,0.3799999952316284
VE55041_0,Venezuela,VE,Solano,VE020701,202400,0.0,13.769999653100964
VE55041_0,Venezuela,VE,Solano,VE020701,202502,0.0,5.5399999804794815
VE55042_0,Venezuela,VE,Yacapana,VE020202,201800,0.0,969.8199842572213
VE55042_0,Venezuela,VE,Yacapana,VE020202,201900,0.0,97.81999994814396
VE55042_0,Venezuela,VE,Yacapana,VE020202,202000,0.0,82.14000177383423
VE55042_0,Venezuela,VE,Yacapana,VE020202,202100,0.0,162.75000048615038
VE55042_0,Venezuela,VE,Yacapana,VE020202,202200,0.0,349.7600145619362
VE55042_0,Venezuela,VE,Yacapana,VE020202,202300,0.0,79.1099997535348
VE55042_0,Venezuela,VE,Yacapana,VE020202,202400,0.0,0.0
VE55042_0,Venezuela,VE,Yacapana,VE020202,202502,0.0,23.45999908447265
VE55043_0,Venezuela,VE,Ariapo,VE071002,201800,0.0,33.13999938964844
VE55043_0,Venezuela,VE,Ariapo,VE071002,201900,0.0,29.30144961141644
VE55043_0,Venezuela,VE,Ariapo,VE071002,202000,0.0,32.62999930977821
VE55043_0,Venezuela,VE,Ariapo,VE071002,202100,0.0,10.35999996960163
VE55043_0,Venezuela,VE,Ariapo,VE071002,202200,0.0,7.580000070855021
VE55043_0,Venezuela,VE,Ariapo,VE071002,202300,0.0,7.889999866485596
VE55043_0,Venezuela,VE,Ariapo,VE071002,202400,0.0,15.460000053048134
VE55043_0,Venezuela,VE,Ariapo,VE071002,202502,0.0,0.4099999964237213
VE55043_0,Venezuela,VE,Ariapo,VE071002,202503,0.0,7.150000080466269
VE55043_0,Venezuela,VE,Ascensión Farreras,VE070203,202100,0.0,1.100000023841858
VE55043_0,Venezuela,VE,Ascensión Farreras,VE070203,202503,0.0,1.3700000047683716
VE55043_0,Venezuela,VE,Barceloneta,VE070702,201800,0.0,20.140555456543417
VE55043_0,Venezuela,VE,Barceloneta,VE070702,201900,0.0,10.368550581894066
VE55043_0,Venezuela,VE,Barceloneta,VE070702,202000,0.0,15.399999618530275
VE55043_0,Venezuela,VE,Barceloneta,VE070702,202100,0.0,1.5599999427795415
VE55043_0,Venezuela,VE,Barceloneta,VE070702,202200,0.0,0.709999978542328
VE55043_0,Venezuela,VE,Barceloneta,VE070702,202300,0.0,12.140000132843854
VE55043_0,Venezuela,VE,Barceloneta,VE070702,202400,0.0,0.17000000178813934
VE55043_0,Venezuela,VE,Barceloneta,VE070702,202502,0.0,0.0
VE55043_0,Venezuela,VE,Barceloneta,VE070702,202503,0.0,1.0199999809265137
VE55043_0,Venezuela,VE,Medio Ventuari,VE020602,202300,0.0,2.4299998283386226
VE55043_0,Venezuela,VE,Medio Ventuari,VE020602,202400,0.0,0.0
VE55043_0,Venezuela,VE,Medio Ventuari,VE020602,202503,0.0,0.3199999928474426
VE55043_0,Venezuela,VE,Motiaco,VE071005,201800,0.0,2.890000104904175
VE55043_0,Venezuela,VE,Motiaco,VE071005,201900,0.0,3.250000000000001
VE55043_0,Venezuela,VE,Motiaco,VE071005,202503,0.0,0.20000000298023224
VE57001_0,Venezuela,VE,Guayapo,VE020404,202200,0.0,18.47000062465668
VE57001_0,Venezuela,VE,Guayapo,VE020404,202300,0.0,13.50000011920929
VE57001_0,Venezuela,VE,Guayapo,VE020404,202400,0.0,0.5600000023841858
VE57001_0,Venezuela,VE,Guayapo,VE020404,202502,0.0,1.2699999809265137
VE57001_0,Venezuela,VE,Guayapo,VE020404,202503,0.0,8.03000020980835
VE57001_0,Venezuela,VE,Sipapo,VE020402,202400,0.0,0.6600000262260438
VE57001_0,Venezuela,VE,Sipapo,VE020402,202503,0.0,1.1200000047683718
VE57002_0,Venezuela,VE,Almirante Luis Brión,VE100102,201800,0.0,56.79064551996987
VE57002_0,Venezuela,VE,Almirante Luis Brión,VE100102,201900,0.0,1.6201431459079196
VE57002_0,Venezuela,VE,Almirante Luis Brión,VE100102,202000,0.0,4.079999923706056
VE57002_0,Venezuela,VE,Almirante Luis Brión,VE100102,202100,0.0,0.009610353152299382
VE57002_0,Venezuela,VE,Almirante Luis Brión,VE100102,202200,0.0,12.739999771118164
VE57002_0,Venezuela,VE,Almirante Luis Brión,VE100102,202300,0.0,11.830000281333923
VE57002_0,Venezuela,VE,Almirante Luis Brión,VE100102,202503,0.0,5.970000088214874
VE57002_0,Venezuela,VE,Dalla Costa,VE070902,201800,0.0,2605.0192982762383
VE57002_0,Venezuela,VE,Dalla Costa,VE070902,201900,0.0,335.0515119382088
VE57002_0,Venezuela,VE,Dalla Costa,VE070902,202000,0.0,182.64029035976137
VE57002_0,Venezuela,VE,Dalla Costa,VE070902,202100,0.0,295.2631294549623
VE57002_0,Venezuela,VE,Dalla Costa,VE070902,202200,0.0,180.7234101512263
VE57002_0,Venezuela,VE,Dalla Costa,VE070902,202300,0.0,581.6551276319393
VE57002_0,Venezuela,VE,Dalla Costa,VE070902,202400,0.0,427.6544276206547
VE57002_0,Venezuela,VE,Dalla Costa,VE070902,202502,0.0,65.25646479569161
VE57002_0,Venezuela,VE,Dalla Costa,VE070902,202503,0.0,146.86421250224734
VE57002_0,Venezuela,VE,Francisco Aniceto Lugo,VE100103,201800,0.0,246.60322194194137
VE57002_0,Venezuela,VE,Francisco Aniceto Lugo,VE100103,201900,0.0,55.12355658797727
VE57002_0,Venezuela,VE,Francisco Aniceto Lugo,VE100103,202000,0.0,10.970000028610231
VE57002_0,Venezuela,VE,Francisco Aniceto Lugo,VE100103,202100,0.0,15.329999923706058
VE57002_0,Venezuela,VE,Francisco Aniceto Lugo,VE100103,202200,0.0,9.61000023782253
VE57002_0,Venezuela,VE,Francisco Aniceto Lugo,VE100103,202300,0.0,10.920000076293945
VE57002_0,Venezuela,VE,Francisco Aniceto Lugo,VE100103,202400,0.0,0.7203172380179423
VE57002_0,Venezuela,VE,San Isidro,VE070903,201800,0.0,7816.683392843789
VE57002_0,Venezuela,VE,San Isidro,VE070903,201900,0.0,417.9541138157244
VE57002_0,Venezuela,VE,San Isidro,VE070903,202000,0.0,184.77713617165057
VE57002_0,Venezuela,VE,San Isidro,VE070903,202100,0.0,132.95943530337615
VE57002_0,Venezuela,VE,San Isidro,VE070903,202200,0.0,361.43210372067784
VE57002_0,Venezuela,VE,San Isidro,VE070903,202300,0.0,716.6811653207311
VE57002_0,Venezuela,VE,San Isidro,VE070903,202400,0.0,338.7473032866855
VE57002_0,Venezuela,VE,San Isidro,VE070903,202502,0.0,85.10580095471242
VE57002_0,Venezuela,VE,San Isidro,VE070903,202503,0.0,147.05579142474477
VE57002_0,Venezuela,VE,Sección Capital Sifontes,VE070901,201800,0.0,187.9864621953567
VE57002_0,Venezuela,VE,Sección Capital Sifontes,VE070901,201900,0.0,120.64647891965038
VE57002_0,Venezuela,VE,Sección Capital Sifontes,VE070901,202000,0.0,187.3500016126782
VE57002_0,Venezuela,VE,Sección Capital Sifontes,VE070901,202100,0.0,218.0699958987534
VE57002_0,Venezuela,VE,Sección Capital Sifontes,VE070901,202200,0.0,149.56498385470695
VE57002_0,Venezuela,VE,Sección Capital Sifontes,VE070901,202300,0.0,162.04999919608227
VE57002_0,Venezuela,VE,Sección Capital Sifontes,VE070901,202400,0.0,49.428455785326214
VE57002_0,Venezuela,VE,Sección Capital Sifontes,VE070901,202502,0.0,10.129999930039048
VE57002_0,Venezuela,VE,Sección Capital Sifontes,VE070901,202503,0.0,20.830000400543213
VE57002_0,Venezuela,VE,Sección Capital el Callao,VE070301,202400,0.0,0.00037987259788379506
VE57003_0,Venezuela,VE,Barceloneta,VE070702,201800,0.0,3675.0807760147018
VE57003_0,Venezuela,VE,Barceloneta,VE070702,201900,0.0,732.4055642662614
VE57003_0,Venezuela,VE,Barceloneta,VE070702,202000,0.0,160.5083400817772
VE57003_0,Venezuela,VE,Barceloneta,VE070702,202100,0.0,100.05999951809645
VE57003_0,Venezuela,VE,Barceloneta,VE070702,202200,0.0,464.28758292571007
VE57003_0,Venezuela,VE,Barceloneta,VE070702,202300,0.0,199.92218808150307
VE57003_0,Venezuela,VE,Barceloneta,VE070702,202400,0.0,274.45703879562694
VE57003_0,Venezuela,VE,Barceloneta,VE070702,202502,0.0,97.50000023841858
VE57003_0,Venezuela,VE,Barceloneta,VE070702,202503,0.0,82.4100022315979
VE57004_0,Venezuela,VE,Pedro Cova,VE070603,201800,0.0,823.7091755052148
VE57004_0,Venezuela,VE,Pedro Cova,VE070603,201900,0.0,65.95485832682415
VE57004_0,Venezuela,VE,Pedro Cova,VE070603,202000,0.0,52.0570790226475
VE57004_0,Venezuela,VE,Pedro Cova,VE070603,202100,0.0,19.170890861997954
VE57004_0,Venezuela,VE,Pedro Cova,VE070603,202200,0.0,17.043512915216905
VE57004_0,Venezuela,VE,Pedro Cova,VE070603,202300,0.0,19.279999405145645
VE57004_0,Venezuela,VE,Pedro Cova,VE070603,202400,0.0,51.180243594844356
VE57004_0,Venezuela,VE,Pedro Cova,VE070603,202503,0.0,1.6100000143051147
VE57004_0,Venezuela,VE,Sección Capital Roscio,VE070801,201800,0.0,125.6807621362912
VE57004_0,Venezuela,VE,Sección Capital Roscio,VE070801,201900,0.0,92.35667393750062
VE57004_0,Venezuela,VE,Sección Capital Roscio,VE070801,202000,0.0,36.02777220421873
VE57004_0,Venezuela,VE,Sección Capital Roscio,VE070801,202100,0.0,33.849112058391206
VE57004_0,Venezuela,VE,Sección Capital Roscio,VE070801,202200,0.0,6.236487197844587
VE57004_0,Venezuela,VE,Sección Capital Roscio,VE070801,202300,0.0,18.979999899864197
VE57004_0,Venezuela,VE,Sección Capital Roscio,VE070801,202400,0.0,16.584307494544394
VE57004_0,Venezuela,VE,Sección Capital Roscio,VE070801,202503,0.0,4.239999979734422
VE57004_0,Venezuela,VE,Sección Capital el Callao,VE070301,201800,0.0,114.6899971961975
VE57004_0,Venezuela,VE,Sección Capital el Callao,VE070301,201900,0.0,1.5599999427795412
VE57004_0,Venezuela,VE,Sección Capital el Callao,VE070301,202100,0.0,37.53999924659729
VE57004_0,Venezuela,VE,Sección Capital el Callao,VE070301,202200,0.0,39.58000057935714
VE57004_0,Venezuela,VE,Sección Capital el Callao,VE070301,202300,0.0,19.969999790191643
VE57004_0,Venezuela,VE,Sección Capital el Callao,VE070301,202400,0.0,24.529070079662752
VE57004_0,Venezuela,VE,Sección Capital el Callao,VE070301,202503,0.0,1.2100000083446503
VE57005_0,Venezuela,VE,Pedro Cova,VE070603,202502,0.0,26.724938026100553
VE57007_0,Venezuela,VE,Dalla Costa,VE070902,201800,0.0,35.44002269687981
VE57007_0,Venezuela,VE,Dalla Costa,VE070902,201900,0.0,11.5
VE57007_0,Venezuela,VE,Dalla Costa,VE070902,202000,0.0,26.640671967843605
VE57007_0,Venezuela,VE,Dalla Costa,VE070902,202100,0.0,0.8865986956396771
VE57007_0,Venezuela,VE,Dalla Costa,VE070902,202200,0.0,15.510000228881836
VE57007_0,Venezuela,VE,Dalla Costa,VE070902,202300,0.0,31.07666763474165
VE57007_0,Venezuela,VE,Dalla Costa,VE070902,202400,0.0,28.508214971530492
VE57007_0,Venezuela,VE,Dalla Costa,VE070902,202502,0.0,12.130000114440918
VE57007_0,Venezuela,VE,Dalla Costa,VE070902,202503,0.0,31.300000190734863
